data[Operator],data[Service],data[Dir],data[BU],data[Vessel],data[IMO],data[Rotation No.],data[From],data[To],data[Berth Status],data[BTR as at 96h to ATB],data[Final BTR (Local Time)],data[ABT (Local Time)],data[ATB (Local Time)],data[ATU (Local Time)],data[Arrival Variance (within 4h target)],data[Arrival Accuracy (Final BTR)],data[Wait Time (Hours): ATB-BTR],data[Wait Time (Hours): ABT-BTR],data[Wait Time (hours): ATB-ABT],data[Berth Time (hours): ATU - ATB],data[Assured Port Time Achieved (%)],data[Bunker Saved (USD)],data[Carbon Abatement (Tonnes)],data[Year],data[Month]
GRN,I13,W,PANAMA CITY,MV TRUST CORAL,5304189,20251008,BRSSZ,USLAX,DEPARTED,2025-06-24T21:02:00,2025-06-24T12:03:00,2025-06-24T06:41:00,2025-06-24T12:30:00,2025-06-25T11:57:00,0.44,Y,-8.54,-14.34,5.81,23.45,0.2066,17216.15,0.1,2025,6
NVX,B5G,W,TIANJIN,MV ATLANTIC HERON,8689283,20251011,CNXMN,CNYTN,DEPARTED,2025-01-29T10:22:00,2025-01-29T17:05:00,2025-01-29T10:07:00,2025-01-29T14:55:00,2025-01-30T21:23:00,2.17,Y,4.55,-0.25,4.8,30.48,0.1207,971.07,0.1,2025,1
AZQ,C0D,W,BUSAN,MV GRAND CORAL,1671273,20251016,JPOSA,ESVLC,DEPARTED,2025-03-30T07:44:00,2025-03-30T12:53:00,2025-03-30T08:01:00,2025-03-30T10:40:00,2025-04-01T13:26:00,2.22,Y,2.92,0.27,2.65,50.77,0.0636,7858.93,0.1,2025,3
OPR,5RC,W,PANAMA CITY,MV BRIGHT HORIZON,9192156,20251020,THLCB,USSEA,DEPARTED,2025-01-01T19:29:00,2025-01-02T06:36:00,2025-01-02T02:13:00,2025-01-02T05:00:00,2025-01-03T17:24:00,1.61,Y,9.51,6.73,2.78,36.4,0.05,3803.18,0.1,2025,1
AZQ,59H,E,JAKARTA,MV BLUE FALCON,456600,20251022,ESVLC,CNNBG,DEPARTED,2025-03-24T06:47:00,2025-03-24T00:11:00,2025-03-24T02:46:00,2025-03-23T22:45:00,2025-03-24T22:05:00,1.44,Y,-8.04,-4.0,-4.03,23.34,0.12359999999999999,15798.73,0.1,2025,3
GRN,LGC,W,SINGAPORE,MV EASTERN GATE,5739744,20251027,TWKHH,MYPKG,DEPARTED,2025-04-21T15:34:00,2025-04-21T11:21:00,2025-04-21T10:37:00,2025-04-21T08:10:00,2025-04-23T01:40:00,3.19,Y,-7.41,-4.96,-2.46,41.51,0.2072,11705.92,0.1,2025,4
EVO,I2D,W,JAKARTA,MV OCEAN CONSTELLATION,1159187,20251028,HKHKG,NLRTM,DEPARTED,2025-05-01T02:36:00,2025-05-01T06:44:00,2025-05-01T00:09:00,2025-05-01T07:10:00,2025-05-02T20:55:00,0.43,Y,4.55,-2.45,7.0,37.75,0.08130000000000001,15972.96,0.1,2025,5
AZQ,C7P,W,ANTWERP,MV GOLDEN DOLPHIN,2650302,20251030,CNSHA,USSEA,DEPARTED,2025-03-09T06:37:00,2025-03-09T13:21:00,2025-03-09T12:23:00,2025-03-09T15:15:00,2025-03-11T05:04:00,1.88,Y,8.62,5.76,2.86,37.82,0.0834,14546.92,0.1,2025,3
AZQ,ALW,W,LAEM CHABANG,MV BRIGHT SEAWAY,7930519,20251040,KRPUS,INNSA,DEPARTED,2025-06-18T23:38:00,2025-06-18T19:58:00,2025-06-18T12:27:00,2025-06-18T20:05:00,2025-06-20T23:23:00,0.1,Y,-3.56,-11.18,7.62,51.31,0.18780000000000002,16571.14,0.1,2025,6
NVX,D9M,W,BUSAN,MV BRIGHT AURORA,3369161,20251046,JPTYO,TWKHH,DEPARTED,2025-05-28T01:57:00,2025-05-28T10:59:00,2025-05-28T08:00:00,2025-05-28T10:55:00,2025-05-30T19:14:00,0.07,Y,8.95,6.04,2.91,56.33,0.0635,1218.33,0.1,2025,5
DPT,15P,E,JAKARTA,MV GOLDEN HARBOR,7524491,20251048,DEBRV,CNSZX,DEPARTED,2025-06-18T08:10:00,2025-06-17T19:43:00,2025-06-18T01:06:00,2025-06-17T23:15:00,2025-06-19T17:03:00,3.53,Y,-8.92,-7.07,-1.85,41.81,0.183,17532.45,0.1,2025,6
SVQ,15P,W,JAKARTA,MV ATLANTIC ALBATROSS,6794475,20251053,TWKHH,VNSGN,DEPARTED,2025-09-14T12:31:00,2025-09-14T06:36:00,2025-09-14T06:56:00,2025-09-14T05:30:00,2025-09-15T08:54:00,1.1,Y,-7.02,-5.58,-1.44,27.4,0.1475,3029.68,0.1,2025,9
BLX,D9M,W,BUSAN,MV GOLDEN FALCON,364115,20251066,JPOSA,IDJKT,DEPARTED,2025-05-22T02:05:00,2025-05-22T02:52:00,2025-05-22T08:47:00,2025-05-22T06:15:00,2025-05-22T22:45:00,3.37,Y,4.16,6.71,-2.54,16.51,0.1316,13459.8,0.1,2025,5
DPT,I2D,E,BUSAN,MV RAPID SEAWAY,4915547,20251070,CNSHA,JPOSA,DEPARTED,2025-01-16T17:20:00,2025-01-16T10:21:00,2025-01-16T07:34:00,2025-01-16T14:15:00,2025-01-17T01:29:00,3.89,Y,-3.09,-9.76,6.67,11.24,0.1291,1277.06,0.1,2025,1
OPR,F6Y,E,MUMBAI,MV GOLDEN ALBATROSS,8640426,20251074,ITSPE,VNSGN,DEPARTED,2025-07-07T08:50:00,2025-07-07T16:07:00,2025-07-07T13:24:00,2025-07-07T13:25:00,2025-07-09T03:29:00,2.71,Y,4.58,4.57,0.01,38.07,-0.0101,50.0,0.1,2025,7
UVX,D9M,E,LAEM CHABANG,MV SILVER ORCA,2098254,20251075,ITGIT,MYTPP,DEPARTED,2025-07-07T20:10:00,2025-07-07T19:22:00,2025-07-07T20:37:00,2025-07-07T18:20:00,2025-07-09T13:24:00,1.05,Y,-1.85,0.44,-2.29,43.07,-0.011899999999999999,50.0,0.1,2025,7
UVX,ALW,W,TIANJIN,MV EMERALD CONSTELLATION,9112617,20251083,CNQDG,CNYTN,DEPARTED,2025-03-14T18:06:00,2025-03-14T14:10:00,2025-03-14T11:38:00,2025-03-14T11:20:00,2025-03-15T08:28:00,2.84,Y,-6.77,-6.46,-0.31,21.15,0.1549,3575.51,0.1,2025,3
EVO,I2D,E,TIANJIN,MV GRAND HORIZON,3047230,20251084,THLCB,KRPUS,DEPARTED,2025-07-22T07:05:00,2025-07-22T07:10:00,2025-07-22T07:36:00,2025-07-22T06:05:00,2025-07-24T02:48:00,1.09,Y,-1.01,0.51,-1.52,44.72,0.07690000000000001,4893.93,0.1,2025,7
GRN,989,E,TIANJIN,MV NORTHERN CORAL,7852858,20251087,GRPIR,JPOSA,DEPARTED,2025-07-13T12:31:00,2025-07-12T22:06:00,2025-07-13T08:29:00,2025-07-13T00:45:00,2025-07-14T03:02:00,2.64,Y,-11.77,-4.03,-7.74,26.3,0.0933,8829.05,0.1,2025,7
DPT,2C7,W,JAKARTA,MV PACIFIC ALBATROSS,7616290,20251094,JPOSA,THLCB,DEPARTED,2025-09-15T09:44:00,2025-09-15T19:46:00,2025-09-15T11:58:00,2025-09-15T17:05:00,2025-09-17T04:20:00,2.7,Y,7.35,2.24,5.1,35.26,0.2195,14859.24,0.1,2025,9
BLX,59H,E,ANTWERP,MV GOLDEN MARINER,9597407,20251108,FRLEH,CNSHA,DEPARTED,2025-05-12T22:32:00,2025-05-12T08:59:00,2025-05-12T09:51:00,2025-05-12T10:40:00,2025-05-14T05:04:00,1.68,Y,-11.88,-12.68,0.8,42.4,0.0775,13429.98,0.1,2025,5
CRY,4OF,E,BUSAN,MV NORTHERN HARBOR,1392836,20251110,AEJEA,JPOSA,DEPARTED,2025-05-17T03:40:00,2025-05-17T09:45:00,2025-05-17T08:09:00,2025-05-17T12:35:00,2025-05-18T15:08:00,2.83,Y,8.91,4.48,4.43,26.55,0.0958,6467.48,0.1,2025,5
DPT,03J,E,BUSAN,MV OCEAN AURORA,6325596,20251113,TWKHH,JPTYO,DEPARTED,2025-08-06T11:06:00,2025-08-06T08:00:00,2025-08-06T08:12:00,2025-08-06T05:45:00,2025-08-06T19:54:00,2.26,Y,-5.35,-2.9,-2.45,14.15,0.21059999999999998,6592.72,0.1,2025,8
DPT,23I,E,BUSAN,MV RAPID GATE,8492169,20251114,MYPKG,JPOSA,DEPARTED,2025-02-28T20:21:00,2025-02-28T08:41:00,2025-02-28T17:43:00,2025-02-28T10:30:00,2025-02-28T18:30:00,1.81,Y,-9.86,-2.63,-7.23,8.0,0.1697,7878.43,0.1,2025,2
UVX,D12,W,PANAMA CITY,MV GRAND SEAL,9081797,20251126,NLRTM,USSEA,DEPARTED,2025-05-07T12:42:00,2025-05-07T17:42:00,2025-05-07T06:42:00,2025-05-07T14:05:00,2025-05-08T09:17:00,3.63,Y,1.38,-6.0,7.38,19.21,0.0688,3750.54,0.1,2025,5
SVQ,57M,E,MUMBAI,MV GRAND VOYAGER,6297448,20251127,FRLEH,CNTXG,DEPARTED,2025-04-23T19:47:00,2025-04-23T21:21:00,2025-04-23T14:47:00,2025-04-23T18:55:00,2025-04-25T21:51:00,2.45,Y,-0.88,-5.01,4.12,50.95,-0.015600000000000001,50.0,0.1,2025,4
UVX,5RC,W,DAMMAM,MV EASTERN HORIZON,6097667,20251136,JPTYO,USLAX,DEPARTED,2025-01-17T07:26:00,2025-01-17T03:27:00,2025-01-16T20:37:00,2025-01-16T23:40:00,2025-01-18T15:10:00,3.78,Y,-7.78,-10.82,3.04,39.5,0.05,5726.54,0.1,2025,1
DPT,LGC,E,TIANJIN,MV EASTERN CORAL,9874125,20251139,MYPKG,JPOSA,DEPARTED,2025-05-04T09:04:00,2025-05-03T21:27:00,2025-05-04T05:22:00,2025-05-03T21:50:00,2025-05-05T06:09:00,0.37,Y,-11.23,-3.7,-7.54,32.33,0.0745,7068.73,0.1,2025,5
CRY,D9M,W,LAEM CHABANG,MV WESTERN HERON,7847139,20251142,HKHKG,FRLEH,DEPARTED,2025-07-16T01:30:00,2025-07-15T16:14:00,2025-07-15T16:13:00,2025-07-15T17:50:00,2025-07-17T21:39:00,1.59,Y,-7.67,-9.29,1.62,51.82,-0.0431,50.0,0.1,2025,7
AZQ,03J,E,ANTWERP,MV SILVER HORIZON,5352326,20251143,GBFXT,CNXMN,DEPARTED,2025-07-09T05:56:00,2025-07-09T03:40:00,2025-07-09T01:50:00,2025-07-09T03:25:00,2025-07-10T00:17:00,0.25,Y,-2.53,-4.11,1.58,20.87,0.05,4583.12,0.1,2025,7
OPR,C0D,W,DAMMAM,MV BLUE SEAL,7733298,20251144,KRPUS,GRPIR,DEPARTED,2025-07-07T16:01:00,2025-07-08T02:07:00,2025-07-07T18:42:00,2025-07-07T23:45:00,2025-07-09T10:51:00,2.38,Y,7.72,2.68,5.04,35.1,0.09570000000000001,14608.23,0.1,2025,7
CRY,23I,E,MUMBAI,MV SILVER GATE,4290440,20251149,DEBRV,MYPKG,DEPARTED,2025-06-28T16:51:00,2025-06-28T17:26:00,2025-06-28T12:34:00,2025-06-28T19:15:00,2025-07-01T04:12:00,1.8,Y,2.4,-4.27,6.67,56.95,0.1892,18679.3,0.1,2025,6
EVO,C7P,W,LAEM CHABANG,MV BRIGHT SEAWAY,5664321,20251153,KRPUS,SADMM,DEPARTED,2025-07-01T14:13:00,2025-07-01T11:08:00,2025-07-01T16:27:00,2025-07-01T12:55:00,2025-07-02T04:13:00,1.77,Y,-1.31,2.24,-3.55,15.31,0.1075,14651.99,0.1,2025,7
UVX,9NB,W,BUSAN,MV EMERALD SEAL,1039226,20251154,JPTYO,CNTXG,DEPARTED,2025-02-11T08:42:00,2025-02-11T13:57:00,2025-02-11T17:14:00,2025-02-11T11:35:00,2025-02-13T13:30:00,2.38,Y,2.88,8.54,-5.66,49.92,0.22329999999999997,5714.71,0.1,2025,2
BLX,5RC,E,BUSAN,MV EASTERN CONSTELLATION,4117487,20251156,GBFXT,JPOSA,DEPARTED,2025-07-13T09:17:00,2025-07-13T21:17:00,2025-07-14T01:07:00,2025-07-13T18:25:00,2025-07-15T01:01:00,2.87,Y,9.12,15.83,-6.71,30.62,0.0989,10389.4,0.1,2025,7
UVX,HWI,W,MUMBAI,MV EMERALD ORCA,8672075,20251157,IDJKT,BEANR,DEPARTED,2025-03-23T13:24:00,2025-03-23T14:48:00,2025-03-23T03:20:00,2025-03-23T11:00:00,2025-03-24T12:15:00,3.81,Y,-2.41,-10.06,7.65,25.25,-0.034,50.0,0.1,2025,3
SVQ,D12,E,TIANJIN,MV GRAND CONSTELLATION,6981135,20251159,CNYTN,JPTYO,DEPARTED,2025-09-01T23:05:00,2025-09-01T14:25:00,2025-09-01T21:01:00,2025-09-01T13:25:00,2025-09-02T18:12:00,1.01,Y,-9.68,-2.07,-7.61,28.79,0.1545,3028.02,0.1,2025,9
GRN,03J,E,MUMBAI,MV ATLANTIC AURORA,3933724,20251160,PAPTY,CNSHA,DEPARTED,2025-03-03T16:45:00,2025-03-03T16:35:00,2025-03-03T05:35:00,2025-03-03T13:30:00,2025-03-05T00:03:00,3.1,Y,-3.26,-11.17,7.91,34.55,0.05,15251.21,0.1,2025,3
CRY,4VV,E,BUSAN,MV RAPID CONSTELLATION,5747280,20251162,CNQDG,JPTYO,DEPARTED,2025-05-20T07:43:00,2025-05-20T06:35:00,2025-05-20T08:30:00,2025-05-20T07:05:00,2025-05-21T10:58:00,0.49,Y,-0.65,0.77,-1.42,27.9,0.1439,5401.37,0.1,2025,5
GRN,03J,W,BUSAN,MV SILVER AURORA,745797,20251166,JPOSA,FRLEH,DEPARTED,2025-07-18T02:24:00,2025-07-17T22:43:00,2025-07-17T21:16:00,2025-07-17T22:10:00,2025-07-20T10:34:00,0.55,Y,-4.25,-5.13,0.88,60.41,0.10400000000000001,17014.14,0.1,2025,7
NVX,15P,W,MUMBAI,MV EMERALD DOLPHIN,5863549,20251168,CNSHA,GRPIR,DEPARTED,2025-02-19T09:27:00,2025-02-19T04:19:00,2025-02-19T09:32:00,2025-02-19T06:20:00,2025-02-21T09:45:00,2.02,Y,-3.12,0.08,-3.2,51.42,0.2164,33365.65,0.1,2025,2
NVX,25Y,W,PANAMA CITY,MV PACIFIC HORIZON,8900398,20251175,CNSHA,USLAX,DEPARTED,2025-04-04T23:25:00,2025-04-05T10:04:00,2025-04-05T07:48:00,2025-04-05T10:50:00,2025-04-06T06:45:00,0.76,Y,11.4,8.37,3.03,19.93,0.2482,35021.03,0.1,2025,4
SVQ,5RC,W,ANTWERP,MV NORTHERN CORAL,5980223,20251176,CNNBG,USNYC,DEPARTED,2025-04-04T08:19:00,2025-04-04T01:15:00,2025-04-03T23:24:00,2025-04-04T03:30:00,2025-04-05T22:14:00,2.24,Y,-4.83,-8.91,4.09,42.75,-0.0204,50.0,0.1,2025,4
DPT,25Y,E,SINGAPORE,MV NORTHERN CORAL,2288926,20251177,MYTPP,CNTXG,DEPARTED,2025-03-14T13:40:00,2025-03-14T23:13:00,2025-03-14T13:45:00,2025-03-14T20:30:00,2025-03-16T23:18:00,2.72,Y,6.83,0.09,6.74,50.8,0.1304,10576.28,0.1,2025,3
AZQ,9NB,W,DAMMAM,MV TRUST SEAL,9193025,20251178,IDJKT,ITSPE,DEPARTED,2025-08-11T10:58:00,2025-08-11T08:41:00,2025-08-10T22:08:00,2025-08-11T05:20:00,2025-08-12T18:38:00,3.36,Y,-5.64,-12.84,7.2,37.31,0.15439999999999998,34075.75,0.1,2025,8
GRN,EO3,W,MUMBAI,MV OCEAN HERON,7919979,20251182,CNSZX,ESVLC,DEPARTED,2025-01-22T08:38:00,2025-01-22T07:30:00,2025-01-22T10:37:00,2025-01-22T08:50:00,2025-01-24T00:06:00,1.32,Y,0.19,1.98,-1.8,39.27,0.1,19968.16,0.1,2025,1
DPT,23I,E,PANAMA CITY,MV ATLANTIC FALCON,956653,20251185,USLAX,BRSSZ,DEPARTED,2025-05-16T21:37:00,2025-05-16T09:40:00,2025-05-16T04:30:00,2025-05-16T11:40:00,2025-05-17T22:26:00,1.99,Y,-9.97,-17.13,7.16,34.78,0.1027,8537.44,0.1,2025,5
UVX,F6Y,E,SINGAPORE,MV NORTHERN HERON,5965453,20251186,THLCB,JPTYO,DEPARTED,2025-03-02T13:29:00,2025-03-01T23:59:00,2025-03-02T08:00:00,2025-03-02T03:20:00,2025-03-03T22:58:00,3.35,Y,-10.16,-5.48,-4.68,43.64,0.0925,7551.63,0.1,2025,3
DPT,B5G,W,TIANJIN,MV SOUTHERN CONSTELLATION,9790644,20251190,CNQDG,DEBRV,DEPARTED,2025-07-09T23:38:00,2025-07-10T05:12:00,2025-07-10T03:58:00,2025-07-10T07:25:00,2025-07-11T15:01:00,2.21,Y,7.78,4.34,3.44,31.61,0.08839999999999999,14789.25,0.1,2025,7
EVO,9NB,W,ANTWERP,MV GOLDEN HORIZON,4888107,20251196,CNSHA,FRLEH,DEPARTED,2025-01-24T12:06:00,2025-01-24T04:24:00,2025-01-24T08:42:00,2025-01-24T02:20:00,2025-01-25T16:49:00,2.08,Y,-9.78,-3.4,-6.38,38.49,0.061799999999999994,7526.78,0.1,2025,1
BLX,C0D,W,DAMMAM,MV PACIFIC CONSTELLATION,4811040,20251202,HKHKG,ITSPE,DEPARTED,2025-07-03T16:32:00,2025-07-03T16:56:00,2025-07-04T00:09:00,2025-07-03T17:05:00,2025-07-05T11:46:00,0.14,Y,0.53,7.61,-7.07,42.69,0.152,23745.96,0.1,2025,7
OPR,DF5,W,JAKARTA,MV SILVER CORAL,7804750,20251213,CNTXG,ITSPE,DEPARTED,2025-05-31T22:53:00,2025-05-31T10:14:00,2025-05-31T11:24:00,2025-05-31T11:15:00,2025-06-02T22:02:00,1.01,Y,-11.64,-11.47,-0.16,58.8,0.05,2288.64,0.1,2025,5
BLX,5RC,E,SINGAPORE,MV BRIGHT GATE,3087207,20251216,MYPKG,CNTXG,DEPARTED,2025-09-23T05:00:00,2025-09-23T05:22:00,2025-09-23T14:36:00,2025-09-23T09:15:00,2025-09-25T08:02:00,3.87,Y,4.25,9.6,-5.35,46.79,0.1578,5214.01,0.1,2025,9
NVX,59H,E,TIANJIN,MV GRAND HARBOR,8457126,20251227,CNSZX,TWKHH,DEPARTED,2025-08-08T09:10:00,2025-08-08T10:29:00,2025-08-08T04:57:00,2025-08-08T10:50:00,2025-08-10T04:31:00,0.35,Y,1.66,-4.22,5.87,41.69,0.2407,1407.04,0.1,2025,8
GRN,F6Y,E,DAMMAM,MV TRUST ALBATROSS,9304089,20251228,PAPTY,IDJKT,DEPARTED,2025-07-29T07:51:00,2025-07-29T12:41:00,2025-07-29T15:19:00,2025-07-29T10:45:00,2025-07-31T04:32:00,1.95,Y,2.9,7.47,-4.57,41.8,0.1253,14692.28,0.1,2025,7
EVO,I2D,E,JAKARTA,MV BRIGHT AURORA,6554526,20251230,SADMM,CNXMN,DEPARTED,2025-04-28T12:22:00,2025-04-28T22:53:00,2025-04-29T00:36:00,2025-04-28T20:10:00,2025-04-30T04:11:00,2.73,Y,7.8,12.24,-4.44,32.03,0.1353,13458.46,0.1,2025,4
AZQ,C0D,E,JAKARTA,MV SOUTHERN HERON,3192329,20251231,GBFXT,HKHKG,DEPARTED,2025-05-22T11:20:00,2025-05-22T16:04:00,2025-05-22T16:55:00,2025-05-22T12:05:00,2025-05-23T13:57:00,3.99,Y,0.73,5.57,-4.84,25.87,0.1549,21797.49,0.1,2025,5
GRN,I13,W,BUSAN,MV SOUTHERN MARINER,6622205,20251238,JPTYO,SGSIN,DEPARTED,2025-01-01T11:34:00,2025-01-01T21:37:00,2025-01-01T20:17:00,2025-01-01T21:00:00,2025-01-04T01:34:00,0.63,Y,9.42,8.7,0.72,52.58,0.0944,8357.36,0.1,2025,1
OPR,ALW,E,BUSAN,MV ATLANTIC HORIZON,8242621,20251242,USSEA,JPTYO,DEPARTED,2025-08-15T12:58:00,2025-08-15T01:58:00,2025-08-14T21:50:00,2025-08-15T04:35:00,2025-08-16T15:36:00,2.61,Y,-8.38,-15.12,6.74,35.02,0.1754,9143.97,0.1,2025,8
DPT,B5G,W,MUMBAI,MV GRAND FALCON,4240627,20251244,TWKHH,AEKHL,DEPARTED,2025-08-28T18:01:00,2025-08-29T04:07:00,2025-08-28T22:04:00,2025-08-29T03:00:00,2025-08-31T08:18:00,1.13,Y,8.97,4.04,4.93,53.31,0.2275,25384.88,0.1,2025,8
EVO,DF5,E,DAMMAM,MV RAPID HARBOR,4664695,20251249,FRLEH,VNSGN,DEPARTED,2025-04-12T02:23:00,2025-04-12T02:32:00,2025-04-11T23:28:00,2025-04-11T23:50:00,2025-04-13T04:43:00,2.71,Y,-2.56,-2.92,0.36,28.89,0.20679999999999998,36385.2,0.1,2025,4
UVX,15P,W,DAMMAM,MV SOUTHERN CORAL,3078592,20251253,TWKHH,DEHAM,DEPARTED,2025-06-07T18:01:00,2025-06-07T11:10:00,2025-06-07T18:10:00,2025-06-07T11:35:00,2025-06-08T22:58:00,0.42,Y,-6.44,0.15,-6.58,35.39,0.2332,33110.38,0.1,2025,6
AZQ,EO3,E,BUSAN,MV NORTHERN GATE,1209303,20251258,USLAX,JPOSA,DEPARTED,2025-03-15T01:50:00,2025-03-15T05:14:00,2025-03-15T13:42:00,2025-03-15T07:45:00,2025-03-15T19:22:00,2.5,Y,5.9,11.87,-5.97,11.63,0.0851,16507.6,0.1,2025,3
GRN,C8Q,W,MUMBAI,MV SILVER ORCA,2356614,20251263,CNQDG,GRPIR,DEPARTED,2025-05-08T21:03:00,2025-05-08T09:06:00,2025-05-08T12:47:00,2025-05-08T12:05:00,2025-05-10T05:49:00,2.98,Y,-8.97,-8.27,-0.7,41.75,0.056299999999999996,3231.92,0.1,2025,5
SVQ,2C7,W,BUSAN,MV GRAND FALCON,761474,20251264,JPOSA,IDJKT,DEPARTED,2025-02-04T21:58:00,2025-02-04T20:16:00,2025-02-05T01:03:00,2025-02-04T19:25:00,2025-02-06T11:27:00,0.86,Y,-2.57,3.08,-5.65,40.04,0.1881,19881.69,0.1,2025,2
AZQ,4VV,E,JAKARTA,MV BLUE ALBATROSS,3042376,20251267,USSEA,CNTXG,DEPARTED,2025-07-05T21:42:00,2025-07-05T22:38:00,2025-07-06T00:57:00,2025-07-06T00:35:00,2025-07-06T12:39:00,1.94,Y,2.87,3.24,-0.37,12.07,0.10980000000000001,11386.41,0.1,2025,7
OPR,DF5,E,TIANJIN,MV NORTHERN AURORA,3550078,20251268,USSEA,CNXMN,DEPARTED,2025-03-25T19:26:00,2025-03-25T22:15:00,2025-03-26T00:33:00,2025-03-25T21:20:00,2025-03-28T04:36:00,0.92,Y,1.89,5.11,-3.22,55.28,-0.0395,50.0,0.1,2025,3
DPT,23I,W,SINGAPORE,MV GOLDEN AURORA,4831935,20251274,CNNBG,AEKHL,DEPARTED,2025-05-23T22:05:00,2025-05-24T01:38:00,2025-05-24T04:36:00,2025-05-23T22:50:00,2025-05-24T20:23:00,2.82,Y,0.74,6.51,-5.77,21.56,0.166,11950.29,0.1,2025,5
BLX,15P,W,ANTWERP,MV SILVER GATE,6168112,20251279,NLRTM,GBSOU,DEPARTED,2025-02-21T12:19:00,2025-02-21T15:28:00,2025-02-21T17:37:00,2025-02-21T12:20:00,2025-02-22T21:20:00,3.15,Y,0.01,5.3,-5.3,33.01,0.226,819.69,0.1,2025,2
AZQ,C8Q,W,TIANJIN,MV SOUTHERN ALBATROSS,7923020,20251290,JPOSA,AEKHL,DEPARTED,2025-02-03T16:32:00,2025-02-03T23:25:00,2025-02-03T19:11:00,2025-02-04T00:40:00,2025-02-04T16:30:00,1.24,Y,8.13,2.66,5.47,15.84,0.22719999999999999,9570.63,0.1,2025,2
NVX,4OF,E,LAEM CHABANG,MV ATLANTIC SEAL,3601172,20251296,NLRTM,CNNBG,DEPARTED,2025-07-26T03:14:00,2025-07-25T22:56:00,2025-07-25T19:43:00,2025-07-25T23:45:00,2025-07-28T04:23:00,0.8,Y,-3.49,-7.52,4.03,52.64,-0.012,50.0,0.1,2025,7
NVX,03J,E,LAEM CHABANG,MV WESTERN ALBATROSS,5220424,20251297,ITGIT,KRPUS,DEPARTED,2025-07-01T19:22:00,2025-07-02T03:36:00,2025-07-01T20:42:00,2025-07-02T00:45:00,2025-07-03T04:32:00,2.85,Y,5.37,1.33,4.03,27.79,0.0591,11780.33,0.1,2025,7
EVO,EO3,E,MUMBAI,MV NORTHERN DOLPHIN,3062627,20251300,USSEA,CNYTN,DEPARTED,2025-01-13T02:06:00,2025-01-12T21:29:00,2025-01-12T20:04:00,2025-01-12T17:40:00,2025-01-14T02:54:00,3.83,Y,-8.45,-6.04,-2.4,33.24,0.129,24347.11,0.1,2025,1
AZQ,I2D,E,BUSAN,MV TRUST DOLPHIN,3838165,20251029,NLRTM,JPTYO,DEPARTED,2025-07-11T19:34:00,2025-07-12T00:18:00,2025-07-12T03:00:00,2025-07-11T20:10:00,2025-07-13T17:02:00,4.14,N,0.6,7.44,-6.84,44.88,0.05,4171.44,0.1,2025,7
OPR,DF5,E,MUMBAI,MV EMERALD GATE,8046691,20251045,ESVLC,KRPUS,DEPARTED,2025-02-13T20:08:00,2025-02-14T00:13:00,2025-02-14T01:06:00,2025-02-13T19:20:00,2025-02-15T05:06:00,4.89,N,-0.8,4.97,-5.77,33.78,0.1518,14917.51,0.1,2025,2
GRN,C8Q,E,JAKARTA,MV PACIFIC HERON,8879633,20251061,MYPKG,CNNBG,DEPARTED,2025-08-09T16:55:00,2025-08-09T03:14:00,2025-08-09T12:18:00,2025-08-09T08:55:00,2025-08-10T05:11:00,5.67,N,-8.01,-4.61,-3.39,20.27,0.1265,2646.2,0.1,2025,8
GRN,EO3,E,LAEM CHABANG,MV PACIFIC ORCA,253380,20251065,NLRTM,IDJKT,DEPARTED,2025-05-22T05:57:00,2025-05-21T20:31:00,2025-05-21T23:56:00,2025-05-22T02:00:00,2025-05-24T02:58:00,5.47,N,-3.95,-6.02,2.07,48.97,0.11230000000000001,25521.53,0.1,2025,5
OPR,C7P,E,BUSAN,MV PACIFIC FALCON,95789,20251067,GBFXT,JPTYO,DEPARTED,2025-04-18T20:42:00,2025-04-18T08:05:00,2025-04-18T16:48:00,2025-04-18T13:25:00,2025-04-19T23:58:00,5.33,N,-7.3,-3.9,-3.4,34.56,0.187,34173.74,0.1,2025,4
OPR,F6Y,E,MUMBAI,MV NORTHERN AURORA,9202183,20251072,DEBRV,IDJKT,DEPARTED,2025-09-01T10:20:00,2025-09-01T21:36:00,2025-09-01T22:38:00,2025-09-01T17:20:00,2025-09-02T13:05:00,4.27,N,6.99,12.29,-5.3,19.76,0.17600000000000002,19994.01,0.1,2025,9
CRY,HWI,W,JAKARTA,MV WESTERN GATE,3879042,20251073,CNSZX,GRPIR,DEPARTED,2025-04-04T03:57:00,2025-04-04T20:21:00,2025-04-04T07:11:00,2025-04-04T14:25:00,2025-04-06T08:13:00,5.95,N,10.46,3.23,7.23,41.8,-0.0337,50.0,0.1,2025,4
CRY,DF5,W,ANTWERP,MV WESTERN ALBATROSS,2308675,20251080,CNQDG,USNYC,DEPARTED,2025-01-25T16:39:00,2025-01-25T21:08:00,2025-01-25T21:42:00,2025-01-26T02:00:00,2025-01-27T19:06:00,4.86,N,9.35,5.06,4.29,41.11,0.05,8190.33,0.1,2025,1
AZQ,989,E,JAKARTA,MV SOUTHERN CORAL,8930855,20251095,VNSGN,CNNBG,DEPARTED,2025-02-09T20:41:00,2025-02-10T03:47:00,2025-02-10T08:25:00,2025-02-10T08:30:00,2025-02-10T23:35:00,4.7,N,11.81,11.74,0.08,15.08,0.1761,6346.41,0.1,2025,2
DPT,F6Y,E,TIANJIN,MV WESTERN ORCA,1516793,20251112,AEJEA,CNSHA,DEPARTED,2025-06-08T03:51:00,2025-06-07T16:18:00,2025-06-07T13:40:00,2025-06-07T21:30:00,2025-06-08T06:31:00,5.19,N,-6.35,-14.18,7.83,9.02,0.2303,15794.38,0.1,2025,6
OPR,I2D,W,ANTWERP,MV ATLANTIC ALBATROSS,9195323,20251130,THLCB,USNYC,DEPARTED,2025-03-08T15:28:00,2025-03-09T07:00:00,2025-03-08T22:37:00,2025-03-09T02:25:00,2025-03-10T04:36:00,4.59,N,10.95,7.15,3.8,26.18,0.1114,18448.68,0.1,2025,3
EVO,C0D,W,ANTWERP,MV TRUST HORIZON,7974362,20251148,ITSPE,ESALG,DEPARTED,2025-09-18T23:08:00,2025-09-19T01:16:00,2025-09-19T11:51:00,2025-09-19T06:10:00,2025-09-21T03:15:00,4.9,N,7.02,12.71,-5.69,45.1,0.1991,3792.02,0.1,2025,9
DPT,DF5,W,TIANJIN,MV TRUST GATE,7126389,20251152,JPOSA,GBFXT,DEPARTED,2025-05-27T12:41:00,2025-05-27T08:53:00,2025-05-27T12:49:00,2025-05-27T14:30:00,2025-05-29T17:51:00,5.61,N,1.8,0.13,1.68,51.37,0.09630000000000001,8262.52,0.1,2025,5
DPT,F6Y,E,JAKARTA,MV TRUST VOYAGER,5397189,20251155,FRLEH,CNXMN,DEPARTED,2025-08-05T14:29:00,2025-08-05T13:34:00,2025-08-06T02:51:00,2025-08-05T19:25:00,2025-08-08T06:09:00,5.83,N,4.92,12.37,-7.45,58.74,0.2259,19075.79,0.1,2025,8
BLX,EO3,W,BUSAN,MV EASTERN SEAWAY,7923637,20251180,JPOSA,TWKHH,DEPARTED,2025-02-25T23:42:00,2025-02-26T05:55:00,2025-02-26T07:58:00,2025-02-26T01:50:00,2025-02-27T14:25:00,4.1,N,2.12,8.26,-6.14,36.59,0.1673,3731.04,0.1,2025,2
SVQ,KP9,E,TIANJIN,MV SOUTHERN DOLPHIN,2677736,20251184,MYPKG,CNXMN,DEPARTED,2025-03-25T03:35:00,2025-03-24T14:12:00,2025-03-24T22:29:00,2025-03-24T19:20:00,2025-03-26T20:14:00,5.12,N,-8.26,-5.09,-3.17,48.91,0.1063,3780.96,0.1,2025,3
CRY,C0D,E,TIANJIN,MV SOUTHERN MARINER,9797003,20251195,CNYTN,CNQDG,DEPARTED,2025-02-16T18:12:00,2025-02-16T18:44:00,2025-02-17T02:44:00,2025-02-16T22:55:00,2025-02-18T22:20:00,4.18,N,4.71,8.53,-3.82,47.42,-0.042800000000000005,50.0,0.1,2025,2
SVQ,2C7,E,DAMMAM,MV WESTERN ALBATROSS,7391463,20251204,DEBRV,AEJEA,DEPARTED,2025-02-03T16:54:00,2025-02-03T20:29:00,2025-02-03T18:15:00,2025-02-03T15:55:00,2025-02-05T00:46:00,4.57,N,-0.99,1.34,-2.34,32.85,0.23809999999999998,13823.16,0.1,2025,2
NVX,LGC,E,BUSAN,MV GOLDEN SEAWAY,6179228,20251205,TWKHH,JPOSA,DEPARTED,2025-07-20T20:26:00,2025-07-20T21:25:00,2025-07-20T21:18:00,2025-07-20T16:20:00,2025-07-21T13:42:00,5.09,N,-4.11,0.86,-4.97,21.38,0.0613,1047.16,0.1,2025,7
CRY,D12,W,TIANJIN,MV PACIFIC SEAL,3630594,20251225,CNNBG,THLCB,DEPARTED,2025-04-10T15:00:00,2025-04-10T08:04:00,2025-04-10T12:40:00,2025-04-10T12:35:00,2025-04-12T14:12:00,4.51,N,-2.42,-2.32,-0.1,49.62,0.25,6644.62,0.1,2025,4
DPT,25Y,E,BUSAN,MV PACIFIC MARINER,2259008,20251240,ESALG,JPTYO,DEPARTED,2025-04-09T08:05:00,2025-04-10T00:41:00,2025-04-09T15:19:00,2025-04-09T19:40:00,2025-04-11T19:17:00,5.02,N,11.58,7.24,4.34,47.63,0.13699999999999998,24880.41,0.1,2025,4
AZQ,23I,E,TIANJIN,MV BRIGHT FALCON,9760954,20251247,AEJEA,CNNBG,DEPARTED,2025-03-11T00:57:00,2025-03-11T07:42:00,2025-03-11T13:48:00,2025-03-11T12:15:00,2025-03-12T08:06:00,4.54,N,11.3,12.85,-1.56,19.86,-0.0103,50.0,0.1,2025,3
GRN,C8Q,W,PANAMA CITY,MV ATLANTIC SEAWAY,3400026,20251257,SGSIN,USLAX,DEPARTED,2025-06-05T02:08:00,2025-06-04T23:22:00,2025-06-05T01:07:00,2025-06-05T04:10:00,2025-06-06T06:58:00,4.8,N,2.03,-1.01,3.04,26.81,0.1402,28814.76,0.1,2025,6
NVX,25Y,W,BUSAN,MV WESTERN VOYAGER,5589053,20251272,JPTYO,IDJKT,DEPARTED,2025-07-20T03:32:00,2025-07-19T14:38:00,2025-07-19T23:52:00,2025-07-19T20:15:00,2025-07-21T07:05:00,5.61,N,-7.29,-3.67,-3.62,34.84,0.0725,8757.57,0.1,2025,7
EVO,KQ5,E,LAEM CHABANG,MV WESTERN ALBATROSS,1330688,20251284,AEKHL,IDJKT,DEPARTED,2025-05-29T20:31:00,2025-05-29T20:41:00,2025-05-29T21:25:00,2025-05-29T16:15:00,2025-05-30T12:14:00,4.44,N,-4.27,0.91,-5.18,19.99,0.10529999999999999,8822.96,0.1,2025,5
NVX,I13,W,BUSAN,MV EASTERN CORAL,4277131,20251289,JPTYO,DEHAM,DEPARTED,2025-04-07T09:59:00,2025-04-07T20:57:00,2025-04-07T15:49:00,2025-04-07T15:40:00,2025-04-09T14:00:00,5.29,N,5.68,5.84,-0.16,46.34,-0.045899999999999996,50.0,0.1,2025,4
SVQ,989,W,SINGAPORE,MV SILVER ORCA,1235085,20251294,HKHKG,AEJEA,DEPARTED,2025-03-28T02:41:00,2025-03-27T20:35:00,2025-03-27T09:38:00,2025-03-27T15:25:00,2025-03-29T07:22:00,5.18,N,-11.27,-17.05,5.78,39.97,0.10300000000000001,5761.14,0.1,2025,3
AZQ,C8Q,E,LAEM CHABANG,MV BRIGHT HARBOR,6098804,20251295,ITSPE,CNSZX,DEPARTED,2025-07-31T15:19:00,2025-07-31T15:08:00,2025-07-31T13:38:00,2025-07-31T20:55:00,2025-08-02T15:02:00,5.77,N,5.59,-1.68,7.27,42.13,0.0737,6740.67,0.1,2025,7
CRY,9NB,W,JAKARTA,MV SILVER HARBOR,9565697,20251299,HKHKG,MYPKG,DEPARTED,2025-08-20T12:11:00,2025-08-20T07:39:00,2025-08-20T13:13:00,2025-08-20T13:05:00,2025-08-21T17:45:00,5.43,N,0.9,1.05,-0.15,28.68,0.1489,2430.83,0.1,2025,8
NVX,KP9,E,PANAMA CITY,MV SOUTHERN SEAWAY,8506594,20251002,USLAX,AEJEA,DEPARTED,2025-07-29T21:55:00,2025-07-29T12:13:00,2025-07-29T09:51:00,2025-07-29T16:45:00,2025-07-30T16:42:00,4.52,N,-5.17,-12.07,6.89,23.96,0.1206,25568.79,0.228,2025,7
SVQ,I2D,E,MUMBAI,MV WESTERN CORAL,2437483,20251012,ESALG,VNSGN,DEPARTED,2025-04-20T06:06:00,2025-04-20T13:48:00,2025-04-20T10:12:00,2025-04-20T08:20:00,2025-04-22T05:35:00,5.48,N,2.23,4.1,-1.87,45.26,0.235,32472.13,0.231,2025,4
CRY,2C7,W,LAEM CHABANG,MV GOLDEN SEAL,4465988,20251013,CNTXG,ESVLC,DEPARTED,2025-07-10T22:29:00,2025-07-11T03:20:00,2025-07-11T08:39:00,2025-07-11T08:25:00,2025-07-12T20:35:00,5.08,N,9.92,10.17,-0.24,36.18,0.1103,10278.51,0.202,2025,7
SVQ,59H,W,TIANJIN,MV SOUTHERN DOLPHIN,9008485,20251017,CNQDG,BEANR,DEPARTED,2025-04-10T23:59:00,2025-04-10T11:10:00,2025-04-10T12:04:00,2025-04-10T15:25:00,2025-04-13T03:38:00,4.24,N,-8.57,-11.91,3.34,60.23,0.20850000000000002,28065.53,0.225,2025,4
UVX,I2D,W,SINGAPORE,MV PACIFIC ALBATROSS,1582614,20251018,TWKHH,NLRTM,DEPARTED,2025-07-07T08:20:00,2025-07-07T07:20:00,2025-07-06T19:38:00,2025-07-07T01:55:00,2025-07-08T04:25:00,5.42,N,-6.42,-12.7,6.28,26.5,0.12789999999999999,21846.86,0.148,2025,7
AZQ,B5G,E,TIANJIN,MV BRIGHT DOLPHIN,4283314,20251025,USSEA,JPOSA,DEPARTED,2025-07-01T21:36:00,2025-07-02T02:09:00,2025-07-02T07:03:00,2025-07-02T07:05:00,2025-07-03T15:35:00,4.92,N,9.47,9.45,0.03,32.5,0.12369999999999999,9526.06,0.112,2025,7
NVX,C8Q,E,PANAMA CITY,MV BRIGHT VOYAGER,9392409,20251033,USLAX,DEHAM,DEPARTED,2025-06-14T03:32:00,2025-06-13T16:13:00,2025-06-14T00:57:00,2025-06-13T21:05:00,2025-06-14T23:36:00,4.85,N,-6.46,-2.58,-3.88,26.53,0.1642,32014.54,0.305,2025,6
UVX,F6Y,E,ANTWERP,MV BRIGHT CORAL,2157688,20251034,GBFXT,IDJKT,DEPARTED,2025-03-05T17:16:00,2025-03-05T19:31:00,2025-03-06T05:07:00,2025-03-06T00:25:00,2025-03-06T18:26:00,4.89,N,7.14,11.85,-4.71,18.03,0.17850000000000002,11178.35,0.42,2025,3
EVO,KP9,W,PANAMA CITY,MV EASTERN HERON,3342581,20251035,CNQDG,USLAX,DEPARTED,2025-02-14T22:33:00,2025-02-14T21:03:00,2025-02-15T07:49:00,2025-02-15T02:45:00,2025-02-16T21:06:00,5.7,N,4.2,9.27,-5.07,42.36,0.25,38189.62,0.254,2025,2
AZQ,DF5,E,JAKARTA,MV TRUST AURORA,4974820,20251043,ESALG,KRPUS,DEPARTED,2025-06-08T22:58:00,2025-06-09T02:29:00,2025-06-09T00:47:00,2025-06-09T06:35:00,2025-06-10T22:11:00,4.09,N,7.61,1.83,5.78,39.61,0.1833,20527.5,0.288,2025,6
SVQ,D12,W,ANTWERP,MV PACIFIC HORIZON,166645,20251047,ITGIT,USSEA,DEPARTED,2025-04-17T21:53:00,2025-04-18T04:57:00,2025-04-18T00:11:00,2025-04-18T00:15:00,2025-04-19T13:41:00,4.7,N,2.36,2.3,0.05,37.44,0.1466,8790.39,0.118,2025,4
OPR,B5G,E,ANTWERP,MV OCEAN ORCA,8067027,20251052,GBSOU,CNSHA,DEPARTED,2025-06-17T05:31:00,2025-06-17T16:44:00,2025-06-17T18:19:00,2025-06-17T11:10:00,2025-06-19T19:51:00,5.58,N,5.63,12.79,-7.15,56.69,0.1971,38079.99,0.224,2025,6
SVQ,57M,W,DAMMAM,MV TRUST HERON,6070810,20251054,CNQDG,DEHAM,DEPARTED,2025-06-15T00:22:00,2025-06-15T02:18:00,2025-06-15T04:40:00,2025-06-15T07:20:00,2025-06-16T20:14:00,5.03,N,6.96,4.3,2.66,36.91,0.25,30015.38,0.171,2025,6
AZQ,C0D,W,SINGAPORE,MV EASTERN HORIZON,9671430,20251055,HKHKG,ESALG,DEPARTED,2025-08-16T18:24:00,2025-08-17T08:25:00,2025-08-16T22:05:00,2025-08-17T02:35:00,2025-08-19T04:16:00,5.85,N,8.18,3.69,4.49,49.69,0.1394,18464.83,0.163,2025,8
BLX,9NB,W,ANTWERP,MV RAPID CONSTELLATION,5825743,20251064,CNQDG,USNYC,DEPARTED,2025-02-02T03:34:00,2025-02-01T20:02:00,2025-02-01T19:21:00,2025-02-02T01:30:00,2025-02-03T22:17:00,5.46,N,-2.08,-8.22,6.14,44.8,0.1605,32487.22,0.317,2025,2
OPR,23I,E,ANTWERP,MV OCEAN ORCA,5569036,20251069,BRSSZ,MYTPP,DEPARTED,2025-06-14T23:55:00,2025-06-14T11:22:00,2025-06-14T18:12:00,2025-06-14T15:35:00,2025-06-15T16:42:00,4.21,N,-8.34,-5.71,-2.63,25.13,0.18460000000000001,25232.31,0.493,2025,6
NVX,D12,W,ANTWERP,MV NORTHERN CONSTELLATION,2183263,20251071,HKHKG,PAPTY,DEPARTED,2025-04-26T21:59:00,2025-04-26T23:40:00,2025-04-26T21:43:00,2025-04-27T05:00:00,2025-04-27T17:06:00,5.33,N,7.01,-0.27,7.28,12.11,0.2177,30485.26,0.282,2025,4
CRY,EO3,E,ANTWERP,MV EASTERN SEAL,344319,20251077,USNYC,THLCB,DEPARTED,2025-03-14T07:35:00,2025-03-14T20:05:00,2025-03-14T20:13:00,2025-03-14T15:20:00,2025-03-16T07:36:00,4.76,N,7.75,12.63,-4.88,40.28,0.1245,34889.16,0.329,2025,3
UVX,D9M,E,MUMBAI,MV OCEAN ORCA,3782089,20251079,AEKHL,CNXMN,DEPARTED,2025-08-11T15:24:00,2025-08-11T00:39:00,2025-08-10T22:37:00,2025-08-11T05:55:00,2025-08-13T00:15:00,5.26,N,-9.48,-16.78,7.3,42.34,0.19649999999999998,8429.98,0.19,2025,8
AZQ,25Y,E,LAEM CHABANG,MV BRIGHT SEAL,4923252,20251081,BEANR,KRPUS,DEPARTED,2025-09-29T10:40:00,2025-09-29T19:57:00,2025-09-29T14:51:00,2025-09-29T15:35:00,2025-10-01T08:52:00,4.37,N,4.92,4.18,0.73,41.29,0.20489999999999997,33220.69,0.154,2025,9
NVX,D9M,E,PANAMA CITY,MV GOLDEN AURORA,9973211,20251086,USLAX,MYPKG,DEPARTED,2025-03-25T11:32:00,2025-03-25T00:46:00,2025-03-25T07:37:00,2025-03-25T06:05:00,2025-03-26T23:36:00,5.31,N,-5.46,-3.92,-1.54,41.52,0.1149,33210.61,0.327,2025,3
GRN,4VV,E,MUMBAI,MV WESTERN ALBATROSS,6438030,20251088,ESALG,CNTXG,DEPARTED,2025-06-05T03:14:00,2025-06-05T07:37:00,2025-06-05T08:39:00,2025-06-05T11:45:00,2025-06-06T02:07:00,4.13,N,8.51,5.43,3.08,14.38,0.23920000000000002,12823.96,0.351,2025,6
CRY,D9M,W,DAMMAM,MV SOUTHERN ALBATROSS,7358766,20251100,INNSA,BRSSZ,DEPARTED,2025-06-29T22:48:00,2025-06-30T02:25:00,2025-06-29T19:28:00,2025-06-29T21:00:00,2025-07-01T00:58:00,5.42,N,-1.8,-3.33,1.53,27.97,0.2263,27419.59,0.105,2025,6
BLX,L93,W,DAMMAM,MV TRUST HARBOR,5667541,20251101,CNSHA,ESALG,DEPARTED,2025-05-20T20:28:00,2025-05-20T13:23:00,2025-05-20T10:55:00,2025-05-20T18:50:00,2025-05-21T02:50:00,5.44,N,-1.65,-9.55,7.9,8.0,0.1549,30904.78,0.326,2025,5
EVO,89H,E,SINGAPORE,MV ATLANTIC CORAL,3992495,20251106,NLRTM,CNTXG,DEPARTED,2025-05-08T00:30:00,2025-05-08T14:24:00,2025-05-08T16:24:00,2025-05-08T09:40:00,2025-05-09T00:20:00,4.74,N,9.16,15.9,-6.74,14.68,0.0915,7048.26,0.126,2025,5
NVX,4OF,W,SINGAPORE,MV PACIFIC ORCA,5447862,20251107,CNTXG,GBFXT,DEPARTED,2025-04-12T05:35:00,2025-04-12T02:28:00,2025-04-12T03:32:00,2025-04-11T21:55:00,2025-04-13T19:01:00,4.56,N,-7.67,-2.04,-5.63,45.12,0.1891,22034.06,0.127,2025,4
CRY,989,W,TIANJIN,MV NORTHERN SEAWAY,9158970,20251125,CNSHA,USLAX,DEPARTED,2025-07-07T20:58:00,2025-07-07T19:49:00,2025-07-07T22:42:00,2025-07-07T15:35:00,2025-07-08T21:12:00,4.25,N,-5.38,1.73,-7.12,29.63,0.16210000000000002,18053.51,0.324,2025,7
CRY,C0D,E,ANTWERP,MV RAPID FALCON,5172038,20251128,GBFXT,VNSGN,DEPARTED,2025-06-17T23:37:00,2025-06-18T10:11:00,2025-06-18T03:43:00,2025-06-18T05:45:00,2025-06-20T14:46:00,4.44,N,6.12,4.1,2.02,57.03,0.1482,16738.12,0.244,2025,6
SVQ,03J,E,DAMMAM,MV TRUST AURORA,1587895,20251131,PAPTY,VNSGN,DEPARTED,2025-06-28T17:58:00,2025-06-28T01:08:00,2025-06-27T22:20:00,2025-06-28T06:05:00,2025-06-30T00:49:00,4.93,N,-11.89,-19.62,7.74,42.74,0.19699999999999998,41630.12,0.423,2025,6
OPR,4OF,W,MUMBAI,MV EMERALD HERON,3238784,20251132,HKHKG,BRSSZ,DEPARTED,2025-05-21T02:44:00,2025-05-20T15:24:00,2025-05-20T12:38:00,2025-05-20T20:10:00,2025-05-22T11:21:00,4.75,N,-6.58,-14.11,7.53,39.19,0.1909,26896.35,0.555,2025,5
NVX,L93,W,DAMMAM,MV ATLANTIC SEAWAY,8856965,20251138,CNXMN,BRSSZ,DEPARTED,2025-09-18T00:00:00,2025-09-17T17:06:00,2025-09-17T16:44:00,2025-09-17T12:55:00,2025-09-19T11:28:00,4.19,N,-11.09,-7.27,-3.82,46.56,0.1384,19244.66,0.122,2025,9
CRY,9NB,W,LAEM CHABANG,MV GOLDEN MARINER,1880394,20251146,IDJKT,GRPIR,DEPARTED,2025-09-28T03:40:00,2025-09-27T21:45:00,2025-09-27T17:19:00,2025-09-27T17:20:00,2025-09-29T10:24:00,4.42,N,-10.34,-10.35,0.01,41.08,0.1446,25341.79,0.236,2025,9
EVO,C0D,E,JAKARTA,MV GOLDEN HARBOR,1509430,20251147,PAPTY,HKHKG,DEPARTED,2025-07-06T00:34:00,2025-07-05T16:51:00,2025-07-06T02:12:00,2025-07-05T21:35:00,2025-07-07T05:44:00,4.73,N,-2.99,1.63,-4.63,32.15,0.1008,14973.16,0.232,2025,7
CRY,B5G,W,LAEM CHABANG,MV GRAND HORIZON,8414002,20251151,KRPUS,USNYC,DEPARTED,2025-04-14T10:35:00,2025-04-14T12:51:00,2025-04-14T08:13:00,2025-04-14T07:55:00,2025-04-15T21:30:00,4.94,N,-2.67,-2.37,-0.31,37.59,0.1968,45629.3,0.238,2025,4
AZQ,989,E,TIANJIN,MV EMERALD DOLPHIN,8553175,20251164,INNSA,CNQDG,DEPARTED,2025-09-05T22:49:00,2025-09-05T18:17:00,2025-09-05T05:12:00,2025-09-05T12:55:00,2025-09-06T21:51:00,5.37,N,-9.91,-17.63,7.71,32.95,0.1592,14247.12,0.147,2025,9
NVX,4OF,W,TIANJIN,MV SILVER HARBOR,3960819,20251165,TWKHH,GBSOU,DEPARTED,2025-09-05T02:58:00,2025-09-04T17:00:00,2025-09-04T18:12:00,2025-09-04T22:10:00,2025-09-06T13:02:00,5.17,N,-4.82,-8.77,3.96,38.87,0.1412,12300.54,0.197,2025,9
AZQ,03J,W,MUMBAI,MV PACIFIC HERON,3608130,20251171,IDJKT,BEANR,DEPARTED,2025-09-12T14:19:00,2025-09-12T17:37:00,2025-09-12T16:14:00,2025-09-12T21:55:00,2025-09-15T05:36:00,4.28,N,7.6,1.92,5.68,55.69,0.1465,34522.07,0.134,2025,9
UVX,59H,E,JAKARTA,MV TRUST GATE,2977827,20251172,NLRTM,CNTXG,DEPARTED,2025-03-27T01:20:00,2025-03-27T07:50:00,2025-03-27T17:48:00,2025-03-27T12:30:00,2025-03-28T10:54:00,4.66,N,11.15,16.47,-5.31,22.4,0.1467,15981.26,0.156,2025,3
CRY,15P,E,MUMBAI,MV EMERALD HARBOR,5887695,20251173,BEANR,MYPKG,DEPARTED,2025-09-11T15:11:00,2025-09-11T08:26:00,2025-09-11T08:19:00,2025-09-11T13:35:00,2025-09-13T21:39:00,5.14,N,-1.62,-6.88,5.26,56.08,0.2155,35996.8,0.259,2025,9
DPT,25Y,E,ANTWERP,MV GOLDEN CORAL,8837,20251187,PAPTY,IDJKT,DEPARTED,2025-06-21T07:13:00,2025-06-21T02:20:00,2025-06-20T16:22:00,2025-06-20T21:20:00,2025-06-21T20:28:00,5.02,N,-9.89,-14.85,4.96,23.14,0.2458,36919.46,0.949,2025,6
UVX,59H,W,DAMMAM,MV SILVER VOYAGER,4321444,20251191,SGSIN,NLRTM,DEPARTED,2025-09-17T21:21:00,2025-09-17T04:30:00,2025-09-17T14:50:00,2025-09-17T09:50:00,2025-09-19T08:15:00,5.32,N,-11.53,-6.53,-5.0,46.43,0.13470000000000001,15323.36,0.224,2025,9
EVO,59H,W,TIANJIN,MV TRUST SEAL,2612521,20251194,TWKHH,USLAX,DEPARTED,2025-08-09T15:53:00,2025-08-09T20:12:00,2025-08-09T22:09:00,2025-08-09T14:45:00,2025-08-11T23:18:00,5.46,N,-1.15,6.26,-7.41,56.56,0.21280000000000002,27470.28,0.363,2025,8
AZQ,I2D,E,SINGAPORE,MV TRUST HORIZON,5533151,20251197,ESALG,CNSZX,DEPARTED,2025-09-13T07:49:00,2025-09-13T09:10:00,2025-09-13T11:01:00,2025-09-13T04:05:00,2025-09-15T00:16:00,5.08,N,-3.74,3.21,-6.95,44.2,0.07150000000000001,7528.69,0.117,2025,9
SVQ,4VV,W,TIANJIN,MV SOUTHERN AURORA,5221716,20251199,CNNBG,NLRTM,DEPARTED,2025-03-16T09:39:00,2025-03-16T04:09:00,2025-03-16T06:26:00,2025-03-16T09:40:00,2025-03-18T14:31:00,5.51,N,0.0,-3.23,3.23,52.86,0.1671,13691.67,0.32,2025,3
NVX,C7P,E,DAMMAM,MV EMERALD VOYAGER,7990207,20251209,GBFXT,CNYTN,DEPARTED,2025-06-29T17:35:00,2025-06-30T03:43:00,2025-06-29T22:42:00,2025-06-29T22:55:00,2025-07-02T18:15:00,4.81,N,5.33,5.12,0.21,67.34,0.1732,27151.51,0.159,2025,6
BLX,15P,E,DAMMAM,MV GOLDEN MARINER,8684554,20251215,USLAX,MYTPP,DEPARTED,2025-09-29T17:59:00,2025-09-29T12:38:00,2025-09-29T20:14:00,2025-09-29T18:15:00,2025-10-02T10:15:00,5.6,N,0.26,2.25,-1.99,64.01,0.19219999999999998,35654.36,0.264,2025,9
OPR,C8Q,W,ANTWERP,MV ATLANTIC DOLPHIN,9926375,20251218,CNYTN,USLAX,DEPARTED,2025-07-20T22:34:00,2025-07-20T20:15:00,2025-07-20T12:02:00,2025-07-20T15:30:00,2025-07-22T10:06:00,4.75,N,-7.08,-10.53,3.45,42.6,0.1326,15653.83,0.324,2025,7
UVX,15P,E,MUMBAI,MV BLUE SEAWAY,4325450,20251220,GRPIR,JPTYO,DEPARTED,2025-09-14T10:57:00,2025-09-14T10:20:00,2025-09-13T23:46:00,2025-09-14T05:25:00,2025-09-15T20:25:00,4.92,N,-5.54,-11.18,5.64,39.0,0.1802,12181.46,0.337,2025,9
NVX,DF5,W,TIANJIN,MV EASTERN VOYAGER,1194373,20251221,JPTYO,MYPKG,DEPARTED,2025-02-05T23:52:00,2025-02-06T01:30:00,2025-02-05T23:57:00,2025-02-05T21:00:00,2025-02-08T00:40:00,4.5,N,-2.88,0.08,-2.96,51.67,0.2378,8729.14,0.108,2025,2
NVX,15P,E,LAEM CHABANG,MV PACIFIC HERON,1587576,20251229,AEKHL,JPOSA,DEPARTED,2025-05-08T04:31:00,2025-05-08T01:55:00,2025-05-08T11:17:00,2025-05-08T06:10:00,2025-05-08T21:08:00,4.25,N,1.64,6.77,-5.13,14.98,0.17120000000000002,11040.89,0.141,2025,5
SVQ,4OF,W,LAEM CHABANG,MV GRAND ORCA,839577,20251232,CNTXG,BEANR,DEPARTED,2025-03-05T16:27:00,2025-03-06T05:01:00,2025-03-06T07:00:00,2025-03-06T00:35:00,2025-03-08T01:57:00,4.44,N,8.12,14.54,-6.42,49.37,0.1476,10846.16,0.147,2025,3
GRN,03J,W,PANAMA CITY,MV ATLANTIC ORCA,6581426,20251235,BRSSZ,USSEA,DEPARTED,2025-02-17T04:31:00,2025-02-16T12:48:00,2025-02-16T20:27:00,2025-02-16T17:40:00,2025-02-18T04:26:00,4.86,N,-10.86,-8.06,-2.8,34.77,0.1396,31393.69,0.183,2025,2
SVQ,23I,W,LAEM CHABANG,MV OCEAN AURORA,6591941,20251236,IDJKT,ITSPE,DEPARTED,2025-01-19T02:58:00,2025-01-18T18:03:00,2025-01-18T18:46:00,2025-01-18T23:05:00,2025-01-20T15:40:00,5.03,N,-3.89,-8.2,4.31,40.6,0.1454,24251.7,0.251,2025,1
AZQ,9NB,W,BUSAN,MV OCEAN CORAL,6307636,20251239,JPOSA,PAPTY,DEPARTED,2025-08-29T09:32:00,2025-08-29T06:00:00,2025-08-29T08:48:00,2025-08-29T10:55:00,2025-08-30T13:19:00,4.9,N,1.37,-0.74,2.11,26.41,0.1576,46009.65,0.193,2025,8
BLX,L93,E,LAEM CHABANG,MV RAPID DOLPHIN,8805399,20251245,USNYC,SGSIN,DEPARTED,2025-06-23T15:39:00,2025-06-23T15:15:00,2025-06-23T10:41:00,2025-06-23T09:20:00,2025-06-24T22:36:00,5.93,N,-6.32,-4.96,-1.36,37.28,0.22699999999999998,21796.17,0.229,2025,6
GRN,4OF,W,MUMBAI,MV NORTHERN SEAWAY,3937774,20251252,JPOSA,GBFXT,DEPARTED,2025-08-13T12:34:00,2025-08-12T20:35:00,2025-08-12T23:01:00,2025-08-13T01:10:00,2025-08-15T07:43:00,4.58,N,-11.4,-13.53,2.13,54.56,0.2091,12555.85,0.3,2025,8
EVO,03J,W,LAEM CHABANG,MV SILVER FALCON,9676692,20251254,KRPUS,USLAX,DEPARTED,2025-01-12T19:00:00,2025-01-12T18:17:00,2025-01-12T16:20:00,2025-01-12T12:50:00,2025-01-14T05:11:00,5.47,N,-6.17,-2.67,-3.51,40.36,0.1025,19228.25,0.106,2025,1
CRY,03J,W,ANTWERP,MV SOUTHERN DOLPHIN,2140162,20251255,CNYTN,USLAX,DEPARTED,2025-07-03T13:02:00,2025-07-03T08:47:00,2025-07-03T06:19:00,2025-07-03T04:45:00,2025-07-04T06:20:00,4.04,N,-8.29,-6.71,-1.58,25.6,0.0764,18991.45,0.192,2025,7
NVX,I2D,E,PANAMA CITY,MV TRUST HERON,810433,20251261,USSEA,AEKHL,DEPARTED,2025-04-13T23:38:00,2025-04-14T01:15:00,2025-04-13T23:25:00,2025-04-14T05:20:00,2025-04-16T08:33:00,4.07,N,5.7,-0.21,5.91,51.22,0.0958,16192.2,0.104,2025,4
EVO,C7P,W,JAKARTA,MV SILVER FALCON,3908781,20251262,CNSHA,ESALG,DEPARTED,2025-03-26T03:05:00,2025-03-26T09:02:00,2025-03-26T02:40:00,2025-03-26T03:50:00,2025-03-27T17:58:00,5.2,N,0.74,-0.43,1.17,38.14,0.076,8124.88,0.101,2025,3
UVX,LGC,E,JAKARTA,MV OCEAN HORIZON,3461249,20251273,ITSPE,CNQDG,DEPARTED,2025-02-16T21:12:00,2025-02-16T11:37:00,2025-02-16T09:32:00,2025-02-16T17:10:00,2025-02-18T02:38:00,5.55,N,-4.04,-11.67,7.63,33.48,0.1528,20428.96,0.239,2025,2
BLX,C7P,W,TIANJIN,MV SILVER VOYAGER,4715950,20251277,CNXMN,BEANR,DEPARTED,2025-01-11T14:38:00,2025-01-12T07:11:00,2025-01-12T06:59:00,2025-01-12T02:20:00,2025-01-14T08:08:00,4.86,N,11.7,16.35,-4.65,53.8,0.15990000000000001,18890.94,0.243,2025,1
SVQ,DF5,E,BUSAN,MV BRIGHT DOLPHIN,7173371,20251006,USSEA,JPTYO,DEPARTED,2025-03-29T02:51:00,2025-03-29T08:53:00,2025-03-29T03:06:00,2025-03-29T08:30:00,2025-03-30T15:05:00,0.39,Y,5.63,0.25,5.39,30.59,0.17670000000000002,15986.41,0.162,2025,3
DPT,5RC,E,JAKARTA,MV EMERALD ORCA,6579184,20251007,GRPIR,KRPUS,DEPARTED,2025-08-13T09:33:00,2025-08-13T12:13:00,2025-08-13T17:42:00,2025-08-13T11:25:00,2025-08-14T15:55:00,0.81,Y,1.86,8.15,-6.29,28.51,0.23629999999999998,30093.78,0.298,2025,8
OPR,EO3,E,DAMMAM,MV SILVER HERON,3582978,20251015,GBSOU,MYPKG,DEPARTED,2025-03-04T18:16:00,2025-03-05T04:11:00,2025-03-04T20:29:00,2025-03-05T01:10:00,2025-03-05T21:13:00,3.02,Y,6.89,2.22,4.67,20.05,0.177,17182.97,0.276,2025,3
UVX,57M,E,MUMBAI,MV SOUTHERN AURORA,9869235,20251021,USSEA,CNSZX,DEPARTED,2025-04-25T20:28:00,2025-04-25T16:23:00,2025-04-25T07:08:00,2025-04-25T13:25:00,2025-04-27T03:29:00,2.98,Y,-7.06,-13.34,6.27,38.07,0.1085,13597.72,0.201,2025,4
GRN,D9M,E,PANAMA CITY,MV NORTHERN HORIZON,3497714,20251023,USLAX,KRPUS,DEPARTED,2025-09-02T11:44:00,2025-09-02T06:04:00,2025-09-02T08:47:00,2025-09-02T05:35:00,2025-09-03T08:29:00,0.5,Y,-6.16,-2.95,-3.21,26.91,0.213,43808.65,0.195,2025,9
AZQ,D9M,E,SINGAPORE,MV PACIFIC ORCA,7527364,20251024,ESALG,CNXMN,DEPARTED,2025-03-01T20:31:00,2025-03-01T13:07:00,2025-03-01T02:36:00,2025-03-01T10:30:00,2025-03-03T10:16:00,2.62,Y,-10.02,-17.91,7.88,47.77,0.11689999999999999,15311.32,0.103,2025,3
UVX,I13,E,PANAMA CITY,MV WESTERN HERON,9503488,20251032,USLAX,MYPKG,DEPARTED,2025-09-02T19:32:00,2025-09-03T10:58:00,2025-09-03T08:33:00,2025-09-03T07:15:00,2025-09-04T22:59:00,3.72,Y,11.71,13.03,-1.32,39.74,0.2232,18986.08,0.59,2025,9
CRY,C7P,E,LAEM CHABANG,MV OCEAN FALCON,2540350,20251038,ITSPE,KRPUS,DEPARTED,2025-04-07T04:46:00,2025-04-06T14:09:00,2025-04-06T13:31:00,2025-04-06T18:05:00,2025-04-09T02:03:00,3.92,Y,-10.7,-15.25,4.56,55.98,0.2259,35644.2,0.327,2025,4
AZQ,D12,E,BUSAN,MV SOUTHERN ALBATROSS,1586291,20251039,MYPKG,JPOSA,DEPARTED,2025-01-31T11:19:00,2025-01-31T13:57:00,2025-01-31T10:43:00,2025-01-31T14:55:00,2025-02-01T18:42:00,0.95,Y,3.59,-0.6,4.18,27.79,0.1561,4895.86,0.14,2025,1
AZQ,C0D,E,JAKARTA,MV WESTERN CORAL,4014886,20251044,BRSSZ,KRPUS,DEPARTED,2025-08-14T12:59:00,2025-08-14T13:25:00,2025-08-14T08:59:00,2025-08-14T12:30:00,2025-08-16T10:58:00,0.93,Y,-0.49,-4.0,3.51,46.47,0.1757,39725.69,0.125,2025,8
EVO,KP9,E,JAKARTA,MV PACIFIC ALBATROSS,6406248,20251049,ITGIT,KRPUS,DEPARTED,2025-03-08T15:27:00,2025-03-08T17:34:00,2025-03-08T13:12:00,2025-03-08T16:40:00,2025-03-10T09:37:00,0.9,Y,1.22,-2.24,3.45,40.96,0.092,16523.75,0.174,2025,3
EVO,25Y,E,LAEM CHABANG,MV TRUST ALBATROSS,5109279,20251050,DEHAM,IDJKT,DEPARTED,2025-08-21T13:59:00,2025-08-21T07:21:00,2025-08-21T06:43:00,2025-08-21T10:05:00,2025-08-22T20:00:00,2.73,Y,-3.92,-7.28,3.37,33.93,0.1282,12223.81,0.149,2025,8
CRY,23I,E,ANTWERP,MV BLUE HERON,7236666,20251057,PAPTY,GRPIR,DEPARTED,2025-05-31T14:03:00,2025-05-31T06:58:00,2025-05-31T08:03:00,2025-05-31T03:20:00,2025-06-01T10:47:00,3.65,Y,-10.73,-6.0,-4.73,31.46,0.1929,29969.18,0.367,2025,5
CRY,5RC,E,ANTWERP,MV RAPID HERON,5762197,20251059,ESVLC,CNTXG,DEPARTED,2025-05-21T08:23:00,2025-05-21T01:39:00,2025-05-21T01:14:00,2025-05-21T05:00:00,2025-05-22T08:58:00,3.35,Y,-3.39,-7.15,3.76,27.97,0.08810000000000001,4895.44,0.103,2025,5
UVX,9NB,E,MUMBAI,MV ATLANTIC VOYAGER,2920477,20251063,BRSSZ,THLCB,DEPARTED,2025-07-15T20:57:00,2025-07-16T09:18:00,2025-07-15T23:46:00,2025-07-16T07:30:00,2025-07-18T10:32:00,1.81,Y,10.53,2.82,7.72,51.05,0.0504,13406.73,0.137,2025,7
EVO,4OF,E,ANTWERP,MV SILVER HERON,624283,20251076,USNYC,VNSGN,DEPARTED,2025-06-05T20:54:00,2025-06-05T21:36:00,2025-06-06T03:22:00,2025-06-05T20:35:00,2025-06-06T21:12:00,1.02,Y,-0.32,6.47,-6.79,24.63,0.25,61691.04,0.362,2025,6
CRY,5RC,E,SINGAPORE,MV TRUST HORIZON,5514534,20251082,AEKHL,JPTYO,DEPARTED,2025-03-27T14:44:00,2025-03-28T03:45:00,2025-03-28T05:42:00,2025-03-28T00:45:00,2025-03-29T22:58:00,3.0,Y,10.01,14.96,-4.95,46.23,0.1636,8197.71,0.147,2025,3
AZQ,5RC,E,SINGAPORE,MV RAPID MARINER,1726113,20251085,PAPTY,IDJKT,DEPARTED,2025-09-16T01:11:00,2025-09-16T08:39:00,2025-09-16T11:15:00,2025-09-16T10:40:00,2025-09-17T16:46:00,2.0,Y,9.48,10.06,-0.58,30.11,0.1583,42962.88,0.553,2025,9
SVQ,5RC,E,LAEM CHABANG,MV WESTERN HERON,3375488,20251092,GRPIR,HKHKG,DEPARTED,2025-06-14T19:26:00,2025-06-14T17:58:00,2025-06-14T13:42:00,2025-06-14T15:55:00,2025-06-15T18:39:00,2.06,Y,-3.53,-5.74,2.21,26.74,0.1655,14820.94,0.168,2025,6
BLX,I2D,E,TIANJIN,MV TRUST GATE,357802,20251093,AEJEA,CNSHA,DEPARTED,2025-04-15T11:06:00,2025-04-15T11:32:00,2025-04-15T15:34:00,2025-04-15T10:35:00,2025-04-17T13:01:00,0.95,Y,-0.52,4.47,-4.99,50.44,0.0956,9072.62,0.125,2025,4
NVX,15P,E,ANTWERP,MV EASTERN SEAL,7714646,20251098,GBSOU,HKHKG,DEPARTED,2025-08-06T10:02:00,2025-08-06T15:49:00,2025-08-06T06:55:00,2025-08-06T13:50:00,2025-08-08T02:43:00,1.99,Y,3.79,-3.12,6.91,36.89,0.2125,31617.23,0.308,2025,8
CRY,2C7,E,MUMBAI,MV SILVER CORAL,4777555,20251099,GRPIR,CNQDG,DEPARTED,2025-04-18T08:02:00,2025-04-18T13:01:00,2025-04-18T12:33:00,2025-04-18T11:15:00,2025-04-20T02:15:00,1.77,Y,3.21,4.52,-1.31,39.01,0.2145,10165.52,0.168,2025,4
AZQ,C0D,E,DAMMAM,MV EASTERN AURORA,2168146,20251102,USLAX,JPOSA,DEPARTED,2025-05-05T17:45:00,2025-05-05T17:31:00,2025-05-05T18:15:00,2025-05-05T20:45:00,2025-05-07T12:45:00,3.22,Y,2.98,0.49,2.5,40.01,0.18420000000000003,14907.91,0.327,2025,5
BLX,DF5,E,SINGAPORE,MV BLUE VOYAGER,2990583,20251103,ESALG,KRPUS,DEPARTED,2025-09-23T12:43:00,2025-09-23T02:15:00,2025-09-22T21:45:00,2025-09-23T05:45:00,2025-09-24T00:43:00,3.49,Y,-6.97,-14.96,7.99,18.98,0.1301,17571.41,0.212,2025,9
EVO,15P,E,JAKARTA,MV RAPID CORAL,828154,20251105,ITSPE,CNSHA,DEPARTED,2025-08-19T16:56:00,2025-08-20T00:22:00,2025-08-20T01:09:00,2025-08-20T01:50:00,2025-08-21T08:21:00,1.46,Y,8.89,8.22,0.67,30.52,0.16190000000000002,8580.0,0.277,2025,8
CRY,4OF,E,PANAMA CITY,MV GOLDEN GATE,7846476,20251111,USSEA,KRPUS,DEPARTED,2025-03-28T16:17:00,2025-03-28T13:29:00,2025-03-28T07:21:00,2025-03-28T14:50:00,2025-03-30T08:27:00,1.33,Y,-1.45,-8.93,7.48,41.63,0.1536,21152.89,0.247,2025,3
UVX,59H,E,MUMBAI,MV OCEAN HARBOR,1190421,20251115,GBSOU,IDJKT,DEPARTED,2025-06-02T09:38:00,2025-06-02T18:55:00,2025-06-03T00:21:00,2025-06-02T18:05:00,2025-06-03T19:07:00,0.85,Y,8.45,14.73,-6.28,25.05,0.2245,27544.75,0.343,2025,6
SVQ,C8Q,E,LAEM CHABANG,MV RAPID SEAWAY,6918846,20251116,SADMM,CNXMN,DEPARTED,2025-03-18T16:10:00,2025-03-18T15:08:00,2025-03-18T17:19:00,2025-03-18T12:25:00,2025-03-19T16:58:00,2.73,Y,-3.76,1.15,-4.91,28.57,0.1091,14917.07,0.135,2025,3
EVO,F6Y,E,TIANJIN,MV RAPID MARINER,9595925,20251117,ITGIT,KRPUS,DEPARTED,2025-01-02T09:19:00,2025-01-01T23:56:00,2025-01-02T11:11:00,2025-01-02T03:15:00,2025-01-04T21:36:00,3.31,Y,-6.08,1.86,-7.94,66.36,0.1032,8951.63,0.206,2025,1
AZQ,4VV,E,LAEM CHABANG,MV RAPID CORAL,2590916,20251118,PAPTY,CNTXG,DEPARTED,2025-02-24T13:35:00,2025-02-24T10:34:00,2025-02-24T09:48:00,2025-02-24T10:45:00,2025-02-25T07:08:00,0.17,Y,-2.84,-3.79,0.95,20.4,0.25,23503.28,0.751,2025,2
OPR,EO3,E,PANAMA CITY,MV SOUTHERN GATE,9060633,20251119,USLAX,ITGIT,DEPARTED,2025-03-19T15:37:00,2025-03-19T10:45:00,2025-03-19T10:37:00,2025-03-19T12:05:00,2025-03-20T12:39:00,1.33,Y,-3.54,-5.01,1.46,24.57,0.09820000000000001,20858.12,0.203,2025,3
DPT,89H,E,TIANJIN,MV OCEAN CONSTELLATION,9189796,20251124,ITGIT,CNNBG,DEPARTED,2025-09-28T17:31:00,2025-09-29T01:02:00,2025-09-28T22:51:00,2025-09-29T04:25:00,2025-09-30T15:58:00,3.38,Y,10.89,5.34,5.55,35.56,0.12890000000000001,11237.3,0.184,2025,9
NVX,2C7,E,ANTWERP,MV WESTERN ALBATROSS,2513172,20251134,GBSOU,TWKHH,DEPARTED,2025-07-15T10:08:00,2025-07-15T08:51:00,2025-07-15T03:39:00,2025-07-15T09:45:00,2025-07-17T05:57:00,0.89,Y,-0.39,-6.48,6.09,44.2,0.1106,9597.31,0.188,2025,7
EVO,I2D,E,ANTWERP,MV SOUTHERN HERON,1132267,20251140,GBSOU,MYTPP,DEPARTED,2025-08-01T04:58:00,2025-08-01T16:35:00,2025-08-01T11:59:00,2025-08-01T13:35:00,2025-08-03T17:13:00,3.01,Y,8.61,7.03,1.59,51.64,0.2382,46905.42,0.189,2025,8
CRY,HWI,E,DAMMAM,MV WESTERN HORIZON,1695994,20251141,DEHAM,HKHKG,DEPARTED,2025-02-25T11:58:00,2025-02-25T10:06:00,2025-02-25T07:47:00,2025-02-25T08:50:00,2025-02-26T06:58:00,1.27,Y,-3.15,-4.18,1.04,22.14,0.2169,15141.17,0.367,2025,2
BLX,C7P,E,ANTWERP,MV NORTHERN HARBOR,187962,20251145,GBFXT,MYTPP,DEPARTED,2025-06-28T13:49:00,2025-06-28T11:50:00,2025-06-28T07:55:00,2025-06-28T13:50:00,2025-06-29T15:41:00,1.99,Y,0.0,-5.91,5.91,25.86,0.17420000000000002,18086.91,0.127,2025,6
EVO,KP9,E,PANAMA CITY,MV EMERALD FALCON,8678997,20251158,USLAX,GBFXT,DEPARTED,2025-04-05T16:22:00,2025-04-05T15:50:00,2025-04-05T22:24:00,2025-04-05T16:30:00,2025-04-06T23:32:00,0.66,Y,0.13,6.04,-5.91,31.03,0.1845,11465.78,0.267,2025,4
OPR,F6Y,E,PANAMA CITY,MV SILVER VOYAGER,7393891,20251161,USLAX,GRPIR,DEPARTED,2025-07-01T12:00:00,2025-07-01T16:42:00,2025-07-01T13:50:00,2025-07-01T18:50:00,2025-07-03T00:28:00,2.13,Y,6.83,1.84,4.99,29.65,0.05,10945.59,0.119,2025,7
AZQ,I2D,E,DAMMAM,MV WESTERN SEAWAY,5413973,20251169,ITSPE,KRPUS,DEPARTED,2025-01-13T16:41:00,2025-01-13T08:40:00,2025-01-13T02:17:00,2025-01-13T07:40:00,2025-01-13T15:40:00,1.02,Y,-9.02,-14.39,5.37,8.0,0.1249,9337.17,0.159,2025,1
EVO,5RC,E,JAKARTA,MV OCEAN MARINER,1527098,20251174,ITGIT,KRPUS,DEPARTED,2025-06-18T08:02:00,2025-06-17T20:14:00,2025-06-18T03:14:00,2025-06-17T23:40:00,2025-06-19T00:10:00,3.42,Y,-8.38,-4.81,-3.57,24.51,0.20420000000000002,10833.95,0.129,2025,6
EVO,C8Q,E,LAEM CHABANG,MV GRAND CONSTELLATION,9881613,20251181,SADMM,KRPUS,DEPARTED,2025-06-15T00:57:00,2025-06-15T00:15:00,2025-06-15T01:34:00,2025-06-14T23:40:00,2025-06-16T22:29:00,0.58,Y,-1.3,0.61,-1.91,46.82,0.25,36703.84,0.375,2025,6
UVX,9NB,E,DAMMAM,MV NORTHERN CONSTELLATION,1649650,20251183,BEANR,JPOSA,DEPARTED,2025-04-07T10:56:00,2025-04-07T02:42:00,2025-04-07T03:40:00,2025-04-07T06:10:00,2025-04-08T19:44:00,3.45,Y,-4.77,-7.26,2.49,37.57,0.25,24401.03,0.329,2025,4
DPT,F6Y,E,TIANJIN,MV GRAND HORIZON,7972267,20251189,GBFXT,JPOSA,DEPARTED,2025-05-26T22:36:00,2025-05-27T03:16:00,2025-05-27T01:43:00,2025-05-27T06:50:00,2025-05-29T13:05:00,3.56,Y,8.22,3.11,5.11,54.26,0.0926,7878.3,0.138,2025,5
GRN,89H,E,DAMMAM,MV TRUST GATE,4203274,20251192,DEBRV,THLCB,DEPARTED,2025-04-05T00:29:00,2025-04-05T02:10:00,2025-04-04T19:37:00,2025-04-05T00:55:00,2025-04-06T21:46:00,1.26,Y,0.43,-4.86,5.29,44.86,0.15439999999999998,21877.25,0.296,2025,4
NVX,C7P,E,ANTWERP,MV SOUTHERN VOYAGER,9485691,20251200,USNYC,INNSA,DEPARTED,2025-09-24T18:07:00,2025-09-24T11:51:00,2025-09-24T08:53:00,2025-09-24T08:15:00,2025-09-25T01:42:00,3.6,Y,-9.88,-9.24,-0.64,17.47,0.1264,30399.36,0.196,2025,9
UVX,ALW,E,DAMMAM,MV NORTHERN VOYAGER,428864,20251203,FRLEH,CNQDG,DEPARTED,2025-07-09T01:00:00,2025-07-08T15:22:00,2025-07-08T12:35:00,2025-07-08T18:30:00,2025-07-10T12:29:00,3.12,Y,-6.51,-12.41,5.9,42.0,0.1142,16646.8,0.182,2025,7
NVX,D9M,E,BUSAN,MV ATLANTIC FALCON,7685308,20251206,PAPTY,JPOSA,DEPARTED,2025-06-04T04:41:00,2025-06-03T23:14:00,2025-06-04T01:18:00,2025-06-04T01:25:00,2025-06-07T07:32:00,2.17,Y,-3.28,-3.38,0.1,78.12,0.22,53307.93,0.423,2025,6
OPR,LGC,E,LAEM CHABANG,MV OCEAN SEAL,8678388,20251207,ITSPE,TWKHH,DEPARTED,2025-04-18T00:13:00,2025-04-17T15:24:00,2025-04-17T21:18:00,2025-04-17T16:30:00,2025-04-19T13:47:00,1.09,Y,-7.73,-2.91,-4.82,45.29,0.1432,18724.34,0.14,2025,4
CRY,25Y,E,ANTWERP,MV SILVER HARBOR,571947,20251211,BRSSZ,MYTPP,DEPARTED,2025-09-25T00:16:00,2025-09-24T13:55:00,2025-09-24T18:14:00,2025-09-24T15:00:00,2025-09-25T21:14:00,1.07,Y,-9.27,-6.02,-3.25,30.24,0.1458,23500.89,0.129,2025,9
EVO,4OF,E,SINGAPORE,MV GOLDEN SEAL,8582158,20251212,NLRTM,JPOSA,DEPARTED,2025-01-16T07:36:00,2025-01-16T11:52:00,2025-01-16T03:30:00,2025-01-16T09:50:00,2025-01-17T16:23:00,2.05,Y,2.23,-4.09,6.32,30.56,0.0661,12162.76,0.111,2025,1
EVO,989,E,TIANJIN,MV NORTHERN CONSTELLATION,2995466,20251214,FRLEH,TWKHH,DEPARTED,2025-05-06T07:20:00,2025-05-06T00:12:00,2025-05-06T10:23:00,2025-05-06T02:50:00,2025-05-08T04:55:00,2.62,Y,-4.52,3.04,-7.56,50.09,0.1067,14830.92,0.137,2025,5
NVX,LGC,E,DAMMAM,MV NORTHERN CONSTELLATION,3591709,20251217,BEANR,CNSHA,DEPARTED,2025-03-22T22:39:00,2025-03-23T07:12:00,2025-03-23T09:11:00,2025-03-23T08:20:00,2025-03-25T11:22:00,1.12,Y,9.67,10.53,-0.87,51.05,0.10830000000000001,17443.43,0.159,2025,3
SVQ,I2D,E,SINGAPORE,MV GRAND DOLPHIN,3510986,20251219,DEHAM,TWKHH,DEPARTED,2025-04-05T22:42:00,2025-04-06T02:47:00,2025-04-06T06:10:00,2025-04-06T02:05:00,2025-04-07T12:42:00,0.7,Y,3.37,7.46,-4.09,34.63,0.2151,37987.6,0.329,2025,4
GRN,57M,E,ANTWERP,MV SOUTHERN ORCA,5362732,20251223,PAPTY,HKHKG,DEPARTED,2025-03-25T15:17:00,2025-03-25T20:09:00,2025-03-25T20:36:00,2025-03-25T17:30:00,2025-03-27T18:49:00,2.67,Y,2.2,5.3,-3.1,49.33,0.1736,25921.05,0.42,2025,3
GRN,4VV,E,ANTWERP,MV ATLANTIC GATE,450122,20251224,USLAX,AEJEA,DEPARTED,2025-05-02T11:04:00,2025-05-02T13:52:00,2025-05-02T10:54:00,2025-05-02T14:40:00,2025-05-04T19:07:00,0.79,Y,3.59,-0.17,3.76,52.46,0.15869999999999998,37152.73,0.291,2025,5
SVQ,4VV,E,MUMBAI,MV ATLANTIC VOYAGER,9502608,20251233,ESVLC,CNSHA,DEPARTED,2025-05-16T19:51:00,2025-05-16T11:16:00,2025-05-16T09:39:00,2025-05-16T14:20:00,2025-05-18T05:20:00,3.05,Y,-5.53,-10.2,4.68,39.01,0.0925,14006.06,0.179,2025,5
BLX,LGC,E,PANAMA CITY,MV NORTHERN ALBATROSS,9289676,20251243,USLAX,MYPKG,DEPARTED,2025-06-13T07:09:00,2025-06-13T14:44:00,2025-06-13T11:03:00,2025-06-13T15:35:00,2025-06-14T22:11:00,0.84,Y,8.43,3.91,4.52,30.61,0.17079999999999998,43497.19,0.319,2025,6
EVO,03J,E,DAMMAM,MV BLUE DOLPHIN,2062384,20251246,ESVLC,VNSGN,DEPARTED,2025-07-25T20:26:00,2025-07-25T10:42:00,2025-07-25T09:52:00,2025-07-25T09:20:00,2025-07-27T10:34:00,1.37,Y,-11.1,-10.56,-0.54,49.25,0.16010000000000002,12087.62,0.283,2025,7
EVO,B5G,E,LAEM CHABANG,MV GRAND ORCA,8814877,20251260,ITGIT,CNQDG,DEPARTED,2025-05-23T04:05:00,2025-05-23T03:54:00,2025-05-23T05:29:00,2025-05-23T04:35:00,2025-05-24T04:45:00,0.68,Y,0.5,1.4,-0.91,24.17,0.1625,11124.57,0.15,2025,5
AZQ,I2D,E,DAMMAM,MV NORTHERN HORIZON,227853,20251265,ITGIT,SGSIN,DEPARTED,2025-08-09T01:12:00,2025-08-09T09:18:00,2025-08-09T07:03:00,2025-08-09T12:25:00,2025-08-10T21:43:00,3.11,Y,11.21,5.85,5.35,33.31,0.1383,22283.61,0.237,2025,8
EVO,5RC,E,DAMMAM,MV RAPID HARBOR,8756366,20251278,NLRTM,INNSA,DEPARTED,2025-08-20T02:35:00,2025-08-20T08:29:00,2025-08-20T04:00:00,2025-08-20T09:05:00,2025-08-22T07:13:00,0.6,Y,6.49,1.4,5.08,46.15,0.25,21284.3,0.282,2025,8
GRN,B5G,E,ANTWERP,MV EMERALD HARBOR,2684137,20251282,ESALG,JPOSA,DEPARTED,2025-05-28T04:06:00,2025-05-28T13:51:00,2025-05-28T04:18:00,2025-05-28T12:15:00,2025-05-30T01:48:00,1.61,Y,8.15,0.2,7.94,37.56,0.1399,12632.72,0.214,2025,5
AZQ,15P,E,TIANJIN,MV RAPID CORAL,103109,20251286,BEANR,CNNBG,DEPARTED,2025-04-20T03:02:00,2025-04-20T10:37:00,2025-04-20T14:53:00,2025-04-20T08:35:00,2025-04-22T01:44:00,2.05,Y,5.54,11.84,-6.3,41.17,0.1534,28010.68,0.202,2025,4
SVQ,23I,E,PANAMA CITY,MV TRUST MARINER,2606257,20251288,USLAX,MYTPP,DEPARTED,2025-04-28T13:26:00,2025-04-28T03:58:00,2025-04-28T10:26:00,2025-04-28T04:15:00,2025-04-30T16:12:00,0.28,Y,-9.19,-3.0,-6.19,59.96,0.1671,42103.33,0.304,2025,4
NVX,B5G,E,ANTWERP,MV NORTHERN HARBOR,7171284,20251293,USSEA,CNSZX,DEPARTED,2025-01-29T11:52:00,2025-01-29T11:50:00,2025-01-29T19:20:00,2025-01-29T11:40:00,2025-01-31T15:31:00,0.17,Y,-0.2,7.46,-7.67,51.87,0.13,7567.5,0.282,2025,1
UVX,EO3,E,BUSAN,MV SOUTHERN ALBATROSS,1945519,20251298,FRLEH,JPOSA,DEPARTED,2025-03-03T01:30:00,2025-03-03T00:53:00,2025-03-03T04:05:00,2025-03-02T23:45:00,2025-03-04T17:18:00,1.15,Y,-1.76,2.58,-4.34,41.56,0.2445,23613.54,0.341,2025,3
GRN,DF5,W,PANAMA CITY,MV RAPID VOYAGER,6280239,20251001,JPTYO,USSEA,DEPARTED,2025-04-23T16:25:00,2025-04-23T07:35:00,2025-04-23T12:08:00,2025-04-23T11:30:00,2025-04-24T18:45:00,3.9,Y,-4.92,-4.28,-0.64,31.26,0.25,35776.21,0.204,2025,4
DPT,HWI,W,LAEM CHABANG,MV WESTERN AURORA,9888242,20251003,JPTYO,ESALG,DEPARTED,2025-08-14T15:29:00,2025-08-14T09:57:00,2025-08-14T02:29:00,2025-08-14T06:40:00,2025-08-14T14:40:00,3.29,Y,-8.83,-13.0,4.18,8.0,0.1549,19575.91,0.135,2025,8
EVO,59H,W,LAEM CHABANG,MV EASTERN FALCON,1709981,20251004,TWKHH,PAPTY,DEPARTED,2025-08-12T01:02:00,2025-08-12T07:26:00,2025-08-11T22:39:00,2025-08-12T06:30:00,2025-08-13T18:43:00,0.94,Y,5.46,-2.39,7.84,36.23,0.153,23862.37,0.357,2025,8
GRN,15P,W,DAMMAM,MV TRUST SEAL,2614463,20251005,JPOSA,ITGIT,DEPARTED,2025-03-12T22:22:00,2025-03-13T00:40:00,2025-03-12T22:44:00,2025-03-13T04:20:00,2025-03-14T22:42:00,3.65,Y,5.97,0.38,5.59,42.38,0.13269999999999998,18299.25,0.232,2025,3
AZQ,KQ5,W,SINGAPORE,MV RAPID HORIZON,6160806,20251009,VNSGN,DEHAM,DEPARTED,2025-08-27T01:18:00,2025-08-26T15:01:00,2025-08-26T23:01:00,2025-08-26T18:35:00,2025-08-28T21:25:00,3.55,Y,-6.72,-2.27,-4.45,50.84,0.0849,15058.17,0.162,2025,8
EVO,89H,W,PANAMA CITY,MV WESTERN ALBATROSS,5152832,20251010,AEKHL,USSEA,DEPARTED,2025-07-31T15:53:00,2025-07-31T04:53:00,2025-07-31T02:34:00,2025-07-31T03:55:00,2025-08-02T04:26:00,0.98,Y,-11.97,-13.31,1.33,48.52,0.0696,5558.85,0.14,2025,7
GRN,03J,W,DAMMAM,MV SOUTHERN FALCON,990575,20251014,AEKHL,GBFXT,DEPARTED,2025-04-03T03:14:00,2025-04-02T22:46:00,2025-04-03T00:04:00,2025-04-03T02:10:00,2025-04-04T12:27:00,3.4,Y,-1.07,-3.16,2.09,34.3,0.1416,8006.81,0.162,2025,4
BLX,2C7,W,BUSAN,MV BLUE SEAWAY,7344499,20251019,JPOSA,PAPTY,DEPARTED,2025-09-20T08:56:00,2025-09-20T20:24:00,2025-09-20T12:39:00,2025-09-20T17:30:00,2025-09-22T06:50:00,2.92,Y,8.55,3.7,4.85,37.35,0.1384,18775.05,0.415,2025,9
OPR,ALW,W,LAEM CHABANG,MV RAPID ALBATROSS,6588794,20251026,KRPUS,DEHAM,DEPARTED,2025-05-18T08:12:00,2025-05-18T17:56:00,2025-05-18T14:50:00,2025-05-18T14:45:00,2025-05-20T17:08:00,3.19,Y,6.54,6.64,-0.1,50.39,0.2087,27520.71,0.213,2025,5
GRN,KQ5,W,TIANJIN,MV SOUTHERN CONSTELLATION,9394485,20251031,TWKHH,BRSSZ,DEPARTED,2025-04-11T08:02:00,2025-04-11T03:17:00,2025-04-11T06:16:00,2025-04-11T03:10:00,2025-04-12T17:49:00,0.13,Y,-4.87,-1.76,-3.11,38.65,0.1818,41827.35,0.112,2025,4
EVO,59H,W,PANAMA CITY,MV PACIFIC FALCON,6423966,20251036,THLCB,USLAX,DEPARTED,2025-09-01T09:56:00,2025-09-01T14:33:00,2025-09-01T15:33:00,2025-09-01T14:45:00,2025-09-04T05:06:00,0.19,Y,4.8,5.61,-0.81,62.35,0.1165,13498.04,0.193,2025,9
AZQ,D9M,W,LAEM CHABANG,MV GRAND FALCON,4996535,20251037,SGSIN,DEHAM,DEPARTED,2025-05-13T05:45:00,2025-05-13T09:30:00,2025-05-13T15:18:00,2025-05-13T09:10:00,2025-05-15T10:25:00,0.34,Y,3.42,9.55,-6.14,49.26,0.1231,14931.51,0.182,2025,5
CRY,KQ5,W,SINGAPORE,MV GRAND ORCA,6180535,20251041,KRPUS,ITSPE,DEPARTED,2025-02-25T06:49:00,2025-02-25T11:30:00,2025-02-25T05:51:00,2025-02-25T10:35:00,2025-02-27T08:02:00,0.92,Y,3.75,-0.96,4.72,45.47,0.1426,27512.07,0.186,2025,2
BLX,DF5,W,JAKARTA,MV SILVER HERON,6294410,20251042,HKHKG,ESVLC,DEPARTED,2025-09-04T08:03:00,2025-09-04T07:52:00,2025-09-03T23:12:00,2025-09-04T04:10:00,2025-09-05T13:56:00,3.71,Y,-3.9,-8.85,4.95,33.77,0.1208,15380.84,0.269,2025,9
NVX,59H,W,JAKARTA,MV BLUE MARINER,7499841,20251051,CNSHA,GBSOU,DEPARTED,2025-07-03T23:01:00,2025-07-04T08:14:00,2025-07-04T01:19:00,2025-07-04T08:15:00,2025-07-07T04:55:00,0.01,Y,9.23,2.31,6.92,68.68,0.1306,13822.85,0.211,2025,7
DPT,57M,W,SINGAPORE,MV OCEAN AURORA,1130100,20251056,HKHKG,GBSOU,DEPARTED,2025-05-21T22:41:00,2025-05-21T22:59:00,2025-05-22T05:57:00,2025-05-22T00:35:00,2025-05-24T08:01:00,1.59,Y,1.89,7.26,-5.37,55.45,0.11380000000000001,6992.19,0.16,2025,5
OPR,9NB,W,SINGAPORE,MV PACIFIC CONSTELLATION,1788364,20251058,KRPUS,ESVLC,DEPARTED,2025-08-26T03:36:00,2025-08-26T03:09:00,2025-08-26T03:24:00,2025-08-26T00:55:00,2025-08-28T02:33:00,2.24,Y,-2.69,-0.2,-2.5,49.64,0.21760000000000002,23019.96,0.326,2025,8
EVO,KQ5,W,ANTWERP,MV GOLDEN FALCON,9847668,20251060,IDJKT,ESVLC,DEPARTED,2025-02-28T11:23:00,2025-02-28T02:02:00,2025-02-27T22:23:00,2025-02-28T02:30:00,2025-03-01T12:19:00,0.46,Y,-8.89,-13.0,4.11,33.83,0.245,19616.74,0.561,2025,2
NVX,5RC,W,MUMBAI,MV GOLDEN AURORA,3608226,20251062,MYPKG,GBSOU,DEPARTED,2025-03-14T10:48:00,2025-03-14T14:34:00,2025-03-14T15:36:00,2025-03-14T15:20:00,2025-03-17T04:07:00,0.76,Y,4.52,4.8,-0.28,60.8,0.1585,23490.34,0.22,2025,3
UVX,15P,W,DAMMAM,MV PACIFIC SEAWAY,1801468,20251068,JPTYO,GBSOU,DEPARTED,2025-03-30T22:54:00,2025-03-30T20:08:00,2025-03-30T20:12:00,2025-03-30T17:50:00,2025-03-31T13:43:00,2.31,Y,-5.08,-2.71,-2.37,19.9,0.0842,10406.04,0.168,2025,3
UVX,4VV,W,DAMMAM,MV GRAND HORIZON,5164046,20251078,CNXMN,GBSOU,DEPARTED,2025-02-06T01:28:00,2025-02-05T21:50:00,2025-02-05T17:31:00,2025-02-05T20:35:00,2025-02-07T21:53:00,1.25,Y,-4.88,-7.95,3.07,49.31,0.175,29649.85,0.267,2025,2
UVX,F6Y,W,MUMBAI,MV SILVER AURORA,5320566,20251089,IDJKT,NLRTM,DEPARTED,2025-08-13T11:49:00,2025-08-13T16:23:00,2025-08-13T17:20:00,2025-08-13T15:05:00,2025-08-15T21:46:00,1.31,Y,3.26,5.53,-2.26,54.69,0.1079,23502.78,0.103,2025,8
OPR,C7P,W,MUMBAI,MV SILVER VOYAGER,4391987,20251090,CNSZX,NLRTM,DEPARTED,2025-05-23T13:26:00,2025-05-23T14:57:00,2025-05-23T09:26:00,2025-05-23T13:30:00,2025-05-24T09:28:00,1.46,Y,0.06,-4.0,4.05,19.98,0.19140000000000001,17258.05,0.382,2025,5
BLX,I13,W,ANTWERP,MV BLUE MARINER,834084,20251091,SGSIN,GBFXT,DEPARTED,2025-08-08T05:19:00,2025-08-08T12:10:00,2025-08-08T21:21:00,2025-08-08T14:20:00,2025-08-10T22:59:00,2.16,Y,9.01,16.04,-7.03,56.67,0.1962,29737.04,0.124,2025,8
EVO,89H,W,JAKARTA,MV ATLANTIC SEAWAY,6072894,20251096,HKHKG,DEHAM,DEPARTED,2025-06-26T16:22:00,2025-06-26T21:06:00,2025-06-27T06:27:00,2025-06-27T00:50:00,2025-06-27T20:37:00,3.73,Y,8.46,14.08,-5.62,19.79,0.1789,12425.1,0.116,2025,6
AZQ,03J,W,JAKARTA,MV GOLDEN HARBOR,1631670,20251097,CNSHA,DEBRV,DEPARTED,2025-05-11T05:23:00,2025-05-11T12:21:00,2025-05-11T19:11:00,2025-05-11T14:35:00,2025-05-13T18:48:00,2.23,Y,9.2,13.81,-4.61,52.23,0.1725,14334.17,0.25,2025,5
CRY,HWI,W,LAEM CHABANG,MV EMERALD GATE,3332953,20251104,SGSIN,ESALG,DEPARTED,2025-01-15T22:03:00,2025-01-15T14:58:00,2025-01-15T16:56:00,2025-01-15T13:40:00,2025-01-16T07:13:00,1.3,Y,-8.39,-5.12,-3.27,17.56,0.0817,8713.68,0.168,2025,1
DPT,57M,W,MUMBAI,MV GRAND VOYAGER,3612403,20251109,JPTYO,ESVLC,DEPARTED,2025-06-25T12:54:00,2025-06-25T15:58:00,2025-06-25T19:50:00,2025-06-25T16:00:00,2025-06-27T10:11:00,0.02,Y,3.1,6.93,-3.84,42.2,0.19399999999999998,23158.69,0.155,2025,6
GRN,15P,W,MUMBAI,MV PACIFIC GATE,6759749,20251120,JPTYO,NLRTM,DEPARTED,2025-06-23T21:49:00,2025-06-23T12:15:00,2025-06-23T13:20:00,2025-06-23T13:45:00,2025-06-25T21:32:00,1.5,Y,-8.08,-8.49,0.41,55.79,0.25,26593.02,0.169,2025,6
SVQ,LGC,W,SINGAPORE,MV GRAND SEAWAY,232815,20251121,TWKHH,PAPTY,DEPARTED,2025-08-16T23:56:00,2025-08-16T08:33:00,2025-08-16T05:55:00,2025-08-16T12:25:00,2025-08-18T00:32:00,3.86,Y,-11.53,-18.03,6.5,36.13,0.1675,34957.91,0.225,2025,8
GRN,5RC,W,MUMBAI,MV TRUST HERON,520724,20251122,CNSZX,BRSSZ,DEPARTED,2025-08-16T03:57:00,2025-08-16T18:53:00,2025-08-16T11:36:00,2025-08-16T15:00:00,2025-08-18T09:32:00,3.89,Y,11.04,7.66,3.39,42.55,0.1168,34097.63,0.207,2025,8
SVQ,23I,W,BUSAN,MV SOUTHERN DOLPHIN,1581086,20251123,JPTYO,SGSIN,DEPARTED,2025-02-22T21:44:00,2025-02-23T05:24:00,2025-02-23T12:37:00,2025-02-23T07:40:00,2025-02-24T04:57:00,2.27,Y,9.92,14.87,-4.95,21.29,0.1997,19788.21,0.118,2025,2
CRY,57M,W,JAKARTA,MV EASTERN MARINER,8732722,20251129,JPOSA,NLRTM,DEPARTED,2025-06-16T11:17:00,2025-06-16T10:31:00,2025-06-16T19:39:00,2025-06-16T13:20:00,2025-06-18T10:20:00,2.82,Y,2.05,8.38,-6.33,45.01,0.2193,39368.17,0.277,2025,6
GRN,89H,W,BUSAN,MV PACIFIC GATE,9076267,20251133,JPTYO,PAPTY,DEPARTED,2025-04-05T16:01:00,2025-04-06T02:41:00,2025-04-05T22:53:00,2025-04-05T23:30:00,2025-04-07T18:35:00,3.19,Y,7.47,6.87,0.61,43.09,0.17739999999999997,17133.11,0.446,2025,4
UVX,EO3,W,LAEM CHABANG,MV TRUST MARINER,948237,20251135,SGSIN,DEHAM,DEPARTED,2025-09-06T22:58:00,2025-09-07T01:57:00,2025-09-07T03:33:00,2025-09-07T04:05:00,2025-09-09T01:01:00,2.13,Y,5.1,4.57,0.53,44.95,0.1334,17629.84,0.255,2025,9
GRN,KP9,W,ANTWERP,MV GRAND DOLPHIN,541459,20251137,JPTYO,ESALG,DEPARTED,2025-03-30T03:30:00,2025-03-30T09:54:00,2025-03-30T11:55:00,2025-03-30T11:20:00,2025-04-01T08:23:00,1.42,Y,7.83,8.42,-0.59,45.06,0.1331,12351.73,0.128,2025,3
DPT,DF5,W,SINGAPORE,MV TRUST ALBATROSS,5678298,20251150,JPOSA,GRPIR,DEPARTED,2025-06-30T03:55:00,2025-06-30T09:53:00,2025-06-30T09:14:00,2025-06-30T08:30:00,2025-06-30T19:31:00,1.4,Y,4.57,5.31,-0.74,11.03,0.21969999999999998,29081.93,0.265,2025,6
GRN,25Y,W,MUMBAI,MV BRIGHT HARBOR,7114287,20251163,CNYTN,BRSSZ,DEPARTED,2025-06-23T23:35:00,2025-06-23T16:34:00,2025-06-23T16:31:00,2025-06-23T17:05:00,2025-06-25T16:30:00,0.51,Y,-6.52,-7.08,0.56,47.42,0.1259,41254.04,0.244,2025,6
SVQ,D9M,W,DAMMAM,MV TRUST FALCON,1915235,20251167,CNYTN,BEANR,DEPARTED,2025-02-21T19:03:00,2025-02-21T14:09:00,2025-02-21T11:49:00,2025-02-21T13:50:00,2025-02-23T23:37:00,0.32,Y,-5.22,-7.23,2.01,57.79,0.25,46924.26,0.356,2025,2
EVO,4OF,W,MUMBAI,MV EMERALD AURORA,2010731,20251170,JPTYO,PAPTY,DEPARTED,2025-09-17T16:55:00,2025-09-17T08:24:00,2025-09-17T02:00:00,2025-09-17T07:15:00,2025-09-18T17:12:00,1.15,Y,-9.67,-14.92,5.25,33.95,0.1721,36393.9,0.239,2025,9
UVX,59H,W,ANTWERP,MV BRIGHT CORAL,5747998,20251179,CNNBG,GBFXT,DEPARTED,2025-08-30T23:34:00,2025-08-30T12:03:00,2025-08-30T14:49:00,2025-08-30T11:35:00,2025-09-01T16:26:00,0.48,Y,-12.0,-8.76,-3.24,52.86,0.2321,25807.77,0.174,2025,8
NVX,KQ5,W,ANTWERP,MV GOLDEN HERON,7826421,20251188,THLCB,FRLEH,DEPARTED,2025-09-11T12:43:00,2025-09-11T05:10:00,2025-09-11T03:30:00,2025-09-11T05:20:00,2025-09-13T18:13:00,0.16,Y,-7.39,-9.22,1.83,60.89,0.1436,21598.23,0.229,2025,9
UVX,D12,W,MUMBAI,MV GOLDEN SEAL,8534048,20251193,CNNBG,AEJEA,DEPARTED,2025-08-13T01:15:00,2025-08-13T04:42:00,2025-08-12T18:54:00,2025-08-13T02:40:00,2025-08-13T17:37:00,2.05,Y,1.41,-6.35,7.76,14.96,0.1439,9087.24,0.118,2025,8
UVX,C7P,W,MUMBAI,MV GOLDEN AURORA,1048431,20251198,IDJKT,ESALG,DEPARTED,2025-08-23T17:33:00,2025-08-23T19:08:00,2025-08-23T20:11:00,2025-08-23T19:15:00,2025-08-24T20:24:00,0.1,Y,1.69,2.63,-0.94,25.16,0.17129999999999998,13274.6,0.165,2025,8
UVX,57M,W,MUMBAI,MV GRAND ALBATROSS,35554,20251201,TWKHH,BRSSZ,DEPARTED,2025-05-20T07:33:00,2025-05-20T12:34:00,2025-05-20T07:46:00,2025-05-20T12:45:00,2025-05-21T20:24:00,0.18,Y,5.18,0.2,4.98,31.65,0.1474,30669.55,0.327,2025,5
EVO,EO3,W,JAKARTA,MV BLUE GATE,9841977,20251208,CNSHA,NLRTM,DEPARTED,2025-08-09T03:54:00,2025-08-09T03:35:00,2025-08-09T08:18:00,2025-08-09T07:10:00,2025-08-11T07:57:00,3.58,Y,3.26,4.41,-1.15,48.8,0.2361,32503.2,0.344,2025,8
DPT,D12,W,ANTWERP,MV OCEAN ALBATROSS,3223271,20251210,CNTXG,PAPTY,DEPARTED,2025-08-15T00:53:00,2025-08-15T03:17:00,2025-08-15T10:57:00,2025-08-15T06:40:00,2025-08-16T15:52:00,3.37,Y,5.77,10.07,-4.29,33.2,0.1873,36122.72,0.422,2025,8
UVX,59H,W,JAKARTA,MV ATLANTIC AURORA,3509338,20251222,CNXMN,FRLEH,DEPARTED,2025-01-24T12:39:00,2025-01-24T15:36:00,2025-01-24T18:48:00,2025-01-24T12:00:00,2025-01-25T12:20:00,3.61,Y,-0.66,6.14,-6.8,24.34,0.1423,28187.33,0.208,2025,1
CRY,D9M,W,MUMBAI,MV OCEAN HARBOR,6062510,20251226,CNNBG,PAPTY,DEPARTED,2025-06-05T07:06:00,2025-06-05T14:33:00,2025-06-05T12:42:00,2025-06-05T12:50:00,2025-06-06T09:30:00,1.72,Y,5.72,5.6,0.13,20.67,0.25,35446.61,0.489,2025,6
AZQ,03J,W,BUSAN,MV EMERALD SEAL,1493821,20251234,JPOSA,AEKHL,DEPARTED,2025-05-10T15:15:00,2025-05-10T02:47:00,2025-05-10T09:00:00,2025-05-10T03:40:00,2025-05-11T01:55:00,0.88,Y,-11.59,-6.25,-5.35,22.27,0.21030000000000001,15346.72,0.196,2025,5
NVX,I13,W,JAKARTA,MV BLUE MARINER,3364480,20251237,JPOSA,FRLEH,DEPARTED,2025-03-28T15:32:00,2025-03-29T01:53:00,2025-03-28T18:21:00,2025-03-28T23:15:00,2025-03-30T18:04:00,2.65,Y,7.71,2.81,4.9,42.82,0.124,17921.88,0.195,2025,3
EVO,D9M,W,SINGAPORE,MV PACIFIC VOYAGER,9400673,20251241,CNYTN,GRPIR,DEPARTED,2025-08-28T23:10:00,2025-08-28T22:34:00,2025-08-29T01:56:00,2025-08-29T02:30:00,2025-08-30T14:18:00,3.92,Y,3.32,2.76,0.55,35.8,0.1772,17441.94,0.29,2025,8
SVQ,2C7,W,DAMMAM,MV ATLANTIC VOYAGER,1997425,20251248,THLCB,ESVLC,DEPARTED,2025-09-22T08:27:00,2025-09-22T04:30:00,2025-09-22T07:23:00,2025-09-22T02:40:00,2025-09-23T22:25:00,1.84,Y,-5.79,-1.06,-4.73,43.76,0.1323,24995.39,0.127,2025,9
UVX,LGC,W,PANAMA CITY,MV ATLANTIC VOYAGER,6835673,20251250,IDJKT,USLAX,DEPARTED,2025-05-12T12:02:00,2025-05-12T19:36:00,2025-05-12T18:54:00,2025-05-12T16:15:00,2025-05-14T01:37:00,3.36,Y,4.21,6.86,-2.65,33.37,0.1655,24675.31,0.238,2025,5
NVX,5RC,W,PANAMA CITY,MV SOUTHERN ORCA,8920745,20251251,VNSGN,USSEA,DEPARTED,2025-07-08T11:23:00,2025-07-08T11:51:00,2025-07-08T12:12:00,2025-07-08T11:50:00,2025-07-09T19:00:00,0.02,Y,0.45,0.82,-0.37,31.18,0.1295,19329.86,0.19,2025,7
AZQ,LGC,W,MUMBAI,MV SOUTHERN ORCA,9772500,20251256,SGSIN,AEJEA,DEPARTED,2025-05-11T01:39:00,2025-05-11T04:21:00,2025-05-10T21:51:00,2025-05-11T02:55:00,2025-05-11T17:40:00,1.45,Y,1.25,-3.81,5.07,14.75,0.1189,5713.04,0.123,2025,5
GRN,23I,W,MUMBAI,MV BLUE GATE,6973444,20251259,HKHKG,DEHAM,DEPARTED,2025-08-08T00:07:00,2025-08-07T16:12:00,2025-08-07T22:26:00,2025-08-07T15:55:00,2025-08-09T07:35:00,0.3,Y,-8.21,-1.68,-6.52,39.67,0.21559999999999999,27706.79,0.206,2025,8
UVX,F6Y,W,PANAMA CITY,MV NORTHERN VOYAGER,4806859,20251266,VNSGN,USSEA,DEPARTED,2025-05-06T06:59:00,2025-05-05T20:06:00,2025-05-06T04:52:00,2025-05-05T21:10:00,2025-05-07T11:18:00,1.06,Y,-9.82,-2.11,-7.71,38.13,0.152,12560.68,0.389,2025,5
NVX,B5G,W,ANTWERP,MV NORTHERN SEAWAY,6557886,20251269,KRPUS,GBFXT,DEPARTED,2025-01-01T16:29:00,2025-01-01T17:53:00,2025-01-01T11:17:00,2025-01-01T16:05:00,2025-01-03T05:56:00,1.81,Y,-0.41,-5.19,4.79,37.85,0.1235,19101.15,0.227,2025,1
EVO,15P,W,MUMBAI,MV PACIFIC HERON,8161534,20251270,CNYTN,GBFXT,DEPARTED,2025-04-25T06:11:00,2025-04-25T12:15:00,2025-04-25T07:50:00,2025-04-25T09:10:00,2025-04-27T03:27:00,3.09,Y,2.98,1.65,1.33,42.29,0.2377,26199.86,0.11,2025,4
CRY,4OF,W,DAMMAM,MV SILVER CONSTELLATION,6616763,20251271,JPTYO,NLRTM,DEPARTED,2025-09-05T21:02:00,2025-09-06T01:47:00,2025-09-05T22:04:00,2025-09-06T00:45:00,2025-09-07T19:45:00,1.04,Y,3.72,1.04,2.68,43.01,0.11230000000000001,6178.85,0.215,2025,9
NVX,4VV,W,BUSAN,MV SILVER DOLPHIN,2542429,20251275,JPTYO,USSEA,DEPARTED,2025-01-11T03:33:00,2025-01-11T14:19:00,2025-01-11T21:03:00,2025-01-11T14:25:00,2025-01-13T10:20:00,0.09,Y,10.86,17.5,-6.64,43.92,0.1866,25864.8,0.135,2025,1
NVX,LGC,W,ANTWERP,MV PACIFIC HERON,6818217,20251276,MYTPP,USNYC,DEPARTED,2025-02-03T11:43:00,2025-02-03T03:57:00,2025-02-03T07:45:00,2025-02-03T04:00:00,2025-02-04T22:58:00,0.05,Y,-7.73,-3.96,-3.76,42.97,0.21530000000000002,66914.35,0.391,2025,2
OPR,B5G,W,ANTWERP,MV ATLANTIC SEAWAY,5518722,20251280,CNNBG,PAPTY,DEPARTED,2025-07-27T17:23:00,2025-07-28T04:42:00,2025-07-27T21:55:00,2025-07-28T04:20:00,2025-07-28T18:26:00,0.38,Y,10.94,4.54,6.4,14.11,0.1775,45278.99,0.304,2025,7
NVX,B5G,W,PANAMA CITY,MV NORTHERN HARBOR,9697224,20251281,SGSIN,USLAX,DEPARTED,2025-08-13T06:15:00,2025-08-13T19:40:00,2025-08-13T16:04:00,2025-08-13T17:25:00,2025-08-15T12:26:00,2.25,Y,11.16,9.81,1.35,43.02,0.2384,20700.14,0.649,2025,8
UVX,KQ5,W,PANAMA CITY,MV SOUTHERN GATE,3451405,20251283,ESVLC,USLAX,DEPARTED,2025-09-02T18:34:00,2025-09-02T23:40:00,2025-09-02T19:06:00,2025-09-03T00:10:00,2025-09-04T02:05:00,0.5,Y,5.59,0.54,5.05,25.92,0.147,15369.66,0.301,2025,9
UVX,23I,W,MUMBAI,MV OCEAN FALCON,964948,20251285,CNYTN,NLRTM,DEPARTED,2025-02-09T21:30:00,2025-02-09T19:41:00,2025-02-10T03:17:00,2025-02-09T23:30:00,2025-02-11T18:03:00,3.82,Y,1.99,5.79,-3.8,42.57,0.21530000000000002,18264.43,0.216,2025,2
GRN,9NB,W,PANAMA CITY,MV EASTERN ORCA,3059782,20251287,CNTXG,USSEA,DEPARTED,2025-08-29T21:02:00,2025-08-29T10:36:00,2025-08-29T13:18:00,2025-08-29T09:45:00,2025-08-30T04:25:00,0.86,Y,-11.28,-7.72,-3.56,18.67,0.24480000000000002,30488.42,0.311,2025,8
CRY,89H,W,TIANJIN,MV OCEAN SEAWAY,2691340,20251291,KRPUS,ESALG,DEPARTED,2025-08-30T05:00:00,2025-08-30T11:46:00,2025-08-30T19:27:00,2025-08-30T14:55:00,2025-09-01T10:56:00,3.15,Y,9.9,14.44,-4.54,44.02,0.1553,27906.07,0.29,2025,8
AZQ,03J,W,TIANJIN,MV EASTERN GATE,3832042,20251292,CNXMN,GBSOU,DEPARTED,2025-02-03T17:51:00,2025-02-03T06:15:00,2025-02-03T09:39:00,2025-02-03T09:35:00,2025-02-05T03:29:00,3.33,Y,-8.28,-8.21,-0.07,41.91,0.20920000000000002,26943.02,0.119,2025,2
